Measurement Time,kPa Potential,m続/m続 VWC,kPa Potential,m続/m続 VWC,None
6/24/2013 12:00 PM,-41,0.271,-89,0.186,
6/24/2013 1:00 PM,-41,0.261,-90,0.185,
6/24/2013 2:00 PM,-42,0.252,-90,0.183,
6/24/2013 3:00 PM,-42,0.245,-91,0.183,
6/24/2013 4:00 PM,-43,0.239,-91,0.183,
6/24/2013 5:00 PM,-44,0.232,-93,0.182,
6/24/2013 6:00 PM,-44,0.233,-98,0.183,
6/24/2013 7:00 PM,-45,0.452,-38,0.182,
6/24/2013 8:00 PM,-45,0.453,-15,0.182,
6/24/2013 9:00 PM,-45,0.453,-13,0.181,
6/24/2013 10:00 PM,-45,0.453,-12,0.181,
6/24/2013 11:00 PM,-45,0.453,-12,0.181,
6/25/2013 12:00 AM,-46,0.446,-12,0.181,
6/25/2013 1:00 AM,-46,0.436,-12,0.181,
6/25/2013 2:00 AM,-46,0.433,-12,0.180,
6/25/2013 3:00 AM,-46,0.430,-12,0.180,
6/25/2013 4:00 AM,-46,0.428,-12,0.179,
6/25/2013 5:00 AM,-46,0.426,-12,0.179,
6/25/2013 6:00 AM,-46,0.423,-12,0.179,
6/25/2013 7:00 AM,-46,0.422,-12,0.179,
6/25/2013 8:00 AM,-47,0.419,-12,0.179,
6/25/2013 9:00 AM,-47,0.416,-12,0.179,
6/25/2013 10:00 AM,-47,0.412,-12,0.178,
6/25/2013 11:00 AM,-48,0.407,-12,0.178,
6/25/2013 12:00 PM,-48,0.401,-12,0.178,
6/25/2013 1:00 PM,-48,0.395,-12,0.176,
6/25/2013 2:00 PM,-49,0.389,-13,0.175,
6/25/2013 3:00 PM,-49,0.382,-13,0.174,
6/25/2013 4:00 PM,-49,0.377,-13,0.174,
6/25/2013 5:00 PM,-50,0.371,-13,0.174,
6/25/2013 6:00 PM,-50,0.364,-13,0.174,
6/25/2013 7:00 PM,-51,0.360,-14,0.174,
6/25/2013 8:00 PM,-51,0.357,-14,0.174,
6/25/2013 9:00 PM,-52,0.355,-14,0.174,
6/25/2013 10:00 PM,-52,0.353,-15,0.174,
6/25/2013 11:00 PM,-52,0.351,-15,0.174,
6/26/2013 12:00 AM,-52,0.349,-15,0.174,
6/26/2013 1:00 AM,-52,0.348,-15,0.174,
6/26/2013 2:00 AM,-52,0.346,-15,0.174,
6/26/2013 3:00 AM,-53,0.344,-16,0.174,
6/26/2013 4:00 AM,-52,0.344,-16,0.174,
6/26/2013 5:00 AM,-53,0.343,-16,0.174,
6/26/2013 6:00 AM,-53,0.341,-16,0.173,
6/26/2013 7:00 AM,-53,0.339,-16,0.173,
6/26/2013 8:00 AM,-53,0.338,-16,0.173,
6/26/2013 9:00 AM,-53,0.335,-16,0.173,
6/26/2013 10:00 AM,-53,0.330,-17,0.172,
6/26/2013 11:00 AM,-54,0.323,-17,0.171,
6/26/2013 12:00 PM,-54,0.315,-17,0.171,
6/26/2013 1:00 PM,-55,0.306,-18,0.170,
6/26/2013 2:00 PM,-55,0.296,-19,0.169,
6/26/2013 3:00 PM,-56,0.286,-19,0.168,
6/26/2013 4:00 PM,-56,0.275,-21,0.168,
6/26/2013 5:00 PM,-57,0.265,-22,0.168,
6/26/2013 6:00 PM,-57,0.256,-23,0.169,
6/26/2013 7:00 PM,-58,0.247,-24,0.169,
6/26/2013 8:00 PM,-59,0.242,-26,0.169,
6/26/2013 9:00 PM,-59,0.238,-27,0.169,
6/26/2013 10:00 PM,-59,0.235,-28,0.169,
6/26/2013 11:00 PM,-59,0.231,-29,0.169,
6/27/2013 12:00 AM,-60,0.229,-30,0.169,
6/27/2013 1:00 AM,-60,0.226,-31,0.169,
6/27/2013 2:00 AM,-60,0.224,-31,0.168,
6/27/2013 3:00 AM,-61,0.222,-32,0.168,
6/27/2013 4:00 AM,-61,0.220,-33,0.168,
6/27/2013 5:00 AM,-61,0.219,-34,0.168,
6/27/2013 6:00 AM,-62,0.218,-34,0.168,
6/27/2013 7:00 AM,-62,0.216,-35,0.168,
6/27/2013 8:00 AM,-62,0.215,-36,0.167,
6/27/2013 9:00 AM,-62,0.213,-36,0.167,
6/27/2013 10:00 AM,-62,0.208,-36,0.166,
6/27/2013 11:00 AM,-62,0.201,-37,0.166,
6/27/2013 12:00 PM,-63,0.193,-38,0.166,
6/27/2013 1:00 PM,-63,0.186,-39,0.164,
6/27/2013 2:00 PM,-64,0.181,-41,0.164,
6/27/2013 3:00 PM,-64,0.178,-42,0.164,
6/27/2013 4:00 PM,-65,0.174,-43,0.164,
6/27/2013 5:00 PM,-66,0.172,-45,0.164,
6/27/2013 6:00 PM,-68,0.366,-48,0.167,
6/27/2013 7:00 PM,-69,0.469,-43,0.229,
6/27/2013 8:00 PM,-70,0.464,-30,0.289,
6/27/2013 9:00 PM,-71,0.459,-22,0.310,
6/27/2013 10:00 PM,-72,0.458,-19,0.318,
6/27/2013 11:00 PM,-72,0.458,-17,0.321,
6/28/2013 12:00 AM,-73,0.458,-15,0.324,
6/28/2013 1:00 AM,-73,0.458,-15,0.324,
6/28/2013 2:00 AM,-73,0.442,-14,0.324,
6/28/2013 3:00 AM,-73,0.435,-14,0.324,
6/28/2013 4:00 AM,-73,0.433,-14,0.323,
6/28/2013 5:00 AM,-74,0.431,-14,0.322,
6/28/2013 6:00 AM,-74,0.428,-14,0.321,
6/28/2013 7:00 AM,-74,0.426,-14,0.320,
6/28/2013 8:00 AM,-74,0.423,-14,0.318,
6/28/2013 9:00 AM,-74,0.421,-14,0.316,
6/28/2013 10:00 AM,-74,0.417,-14,0.314,
6/28/2013 11:00 AM,-74,0.413,-14,0.310,
6/28/2013 12:00 PM,-74,0.409,-15,0.307,
6/28/2013 1:00 PM,-74,0.404,-15,0.303,
6/28/2013 2:00 PM,-74,0.397,-15,0.297,
6/28/2013 3:00 PM,-75,0.392,-16,0.292,
6/28/2013 4:00 PM,-76,0.387,-16,0.287,
6/28/2013 5:00 PM,-76,0.382,-16,0.283,
6/28/2013 6:00 PM,-76,0.377,-17,0.279,
6/28/2013 7:00 PM,-76,0.372,-17,0.275,
6/28/2013 8:00 PM,-76,0.367,-17,0.272,
6/28/2013 9:00 PM,-76,0.365,-18,0.269,
6/28/2013 10:00 PM,-76,0.362,-18,0.267,
6/28/2013 11:00 PM,-76,0.361,-19,0.264,
6/29/2013 12:00 AM,-77,0.359,-19,0.263,
6/29/2013 1:00 AM,-76,0.357,-19,0.260,
6/29/2013 2:00 AM,-76,0.355,-19,0.259,
6/29/2013 3:00 AM,-76,0.355,-19,0.256,
6/29/2013 4:00 AM,-76,0.353,-19,0.254,
6/29/2013 5:00 AM,-77,0.351,-20,0.253,
6/29/2013 6:00 AM,-77,0.350,-20,0.251,
6/29/2013 7:00 AM,-77,0.349,-20,0.249,
6/29/2013 8:00 AM,-76,0.348,-20,0.247,
6/29/2013 9:00 AM,-76,0.346,-20,0.246,
6/29/2013 10:00 AM,-76,0.342,-20,0.243,
6/29/2013 11:00 AM,-76,0.335,-21,0.239,
6/29/2013 12:00 PM,-76,0.327,-21,0.236,
6/29/2013 1:00 PM,-76,0.321,-22,0.230,
6/29/2013 2:00 PM,-76,0.314,-22,0.226,
6/29/2013 3:00 PM,-77,0.305,-24,0.221,
6/29/2013 4:00 PM,-76,0.296,-25,0.217,
6/29/2013 5:00 PM,-77,0.286,-26,0.213,
6/29/2013 6:00 PM,-77,0.276,-28,0.211,
6/29/2013 7:00 PM,-77,0.267,-29,0.208,
6/29/2013 8:00 PM,-78,0.259,-31,0.207,
6/29/2013 9:00 PM,-78,0.255,-32,0.205,
6/29/2013 10:00 PM,-78,0.252,-33,0.204,
6/29/2013 11:00 PM,-78,0.249,-34,0.203,
6/30/2013 12:00 AM,-79,0.247,-35,0.202,
6/30/2013 1:00 AM,-79,0.243,-36,0.202,
6/30/2013 2:00 AM,-80,0.242,-37,0.200,
6/30/2013 3:00 AM,-80,0.239,-37,0.199,
6/30/2013 4:00 AM,-80,0.236,-38,0.198,
6/30/2013 5:00 AM,-80,0.235,-39,0.197,
6/30/2013 6:00 AM,-80,0.233,-39,0.196,
6/30/2013 7:00 AM,-80,0.231,-40,0.196,
6/30/2013 8:00 AM,-81,0.230,-40,0.195,
6/30/2013 9:00 AM,-80,0.227,-41,0.194,
6/30/2013 10:00 AM,-80,0.222,-41,0.193,
6/30/2013 11:00 AM,-80,0.216,-42,0.191,
6/30/2013 12:00 PM,-80,0.211,-43,0.190,
6/30/2013 1:00 PM,-80,0.207,-44,0.189,
6/30/2013 2:00 PM,-81,0.202,-45,0.188,
6/30/2013 3:00 PM,-81,0.197,-46,0.186,
6/30/2013 4:00 PM,-82,0.192,-46,0.185,
6/30/2013 5:00 PM,-82,0.187,-48,0.183,
6/30/2013 6:00 PM,-82,0.185,-49,0.181,
6/30/2013 7:00 PM,-83,0.182,-51,0.181,
6/30/2013 8:00 PM,-83,0.180,-52,0.180,
6/30/2013 9:00 PM,-84,0.179,-54,0.179,
6/30/2013 10:00 PM,-84,0.178,-55,0.179,
6/30/2013 11:00 PM,-85,0.177,-56,0.179,
7/1/2013 12:00 AM,-85,0.176,-57,0.179,
7/1/2013 1:00 AM,-86,0.176,-57,0.178,
7/1/2013 2:00 AM,-86,0.175,-57,0.178,
7/1/2013 3:00 AM,-86,0.174,-58,0.178,
7/1/2013 4:00 AM,-86,0.174,-59,0.177,
7/1/2013 5:00 AM,-86,0.174,-59,0.176,
7/1/2013 6:00 AM,-86,0.173,-60,0.176,
7/1/2013 7:00 AM,-86,0.173,-60,0.175,
7/1/2013 8:00 AM,-86,0.173,-61,0.174,
7/1/2013 9:00 AM,-86,0.172,-62,0.174,
7/1/2013 10:00 AM,-86,0.171,-62,0.174,
7/1/2013 11:00 AM,-86,0.171,-63,0.174,
7/1/2013 12:00 PM,-87,0.171,-63,0.174,
7/1/2013 1:00 PM,-86,0.171,-64,0.173,
7/1/2013 2:00 PM,-86,0.170,-64,0.173,
7/1/2013 3:00 PM,-87,0.170,-64,0.173,
7/1/2013 4:00 PM,-87,0.170,-64,0.173,
7/1/2013 5:00 PM,-87,0.170,-65,0.172,
7/1/2013 6:00 PM,-86,0.169,-64,0.171,
7/1/2013 7:00 PM,-87,0.168,-65,0.171,
7/1/2013 8:00 PM,-86,0.167,-66,0.171,
7/1/2013 9:00 PM,-87,0.166,-67,0.171,
7/1/2013 10:00 PM,-88,0.166,-68,0.171,
7/1/2013 11:00 PM,-88,0.165,-69,0.170,
7/2/2013 12:00 AM,-88,0.165,-70,0.170,
7/2/2013 1:00 AM,-88,0.164,-71,0.169,
7/2/2013 2:00 AM,-88,0.164,-71,0.169,
7/2/2013 3:00 AM,-88,0.164,-72,0.169,
7/2/2013 4:00 AM,-88,0.164,-72,0.169,
7/2/2013 5:00 AM,-89,0.164,-72,0.168,
7/2/2013 6:00 AM,-88,0.164,-73,0.168,
7/2/2013 7:00 AM,-89,0.163,-74,0.168,
7/2/2013 8:00 AM,-88,0.163,-74,0.168,
7/2/2013 9:00 AM,-88,0.162,-74,0.168,
7/2/2013 10:00 AM,-88,0.162,-74,0.168,
7/2/2013 11:00 AM,-88,0.160,-74,0.167,
7/2/2013 12:00 PM,-88,0.158,-75,0.166,
7/2/2013 1:00 PM,-88,0.159,-75,0.166,
7/2/2013 2:00 PM,-89,0.157,-76,0.166,
7/2/2013 3:00 PM,-90,0.157,-77,0.165,
7/2/2013 4:00 PM,-89,0.156,-79,0.164,
7/2/2013 5:00 PM,-90,0.155,-80,0.164,
7/2/2013 6:00 PM,-90,0.154,-80,0.164,
7/2/2013 7:00 PM,-90,0.154,-81,0.164,
7/2/2013 8:00 PM,-92,0.153,-83,0.164,
7/2/2013 9:00 PM,-93,0.152,-86,0.164,
7/2/2013 10:00 PM,-93,0.152,-87,0.164,
7/2/2013 11:00 PM,-94,0.151,-88,0.164,
7/3/2013 12:00 AM,-95,0.151,-89,0.164,
7/3/2013 1:00 AM,-94,0.151,-90,0.163,
7/3/2013 2:00 AM,-96,0.151,-90,0.163,
7/3/2013 3:00 AM,-96,0.151,-91,0.162,
7/3/2013 4:00 AM,-96,0.151,-92,0.162,
7/3/2013 5:00 AM,-96,0.151,-93,0.162,
7/3/2013 6:00 AM,-96,0.150,-93,0.162,
7/3/2013 7:00 AM,-96,0.150,-94,0.162,
7/3/2013 8:00 AM,-96,0.150,-95,0.162,
7/3/2013 9:00 AM,-97,0.149,-95,0.161,
7/3/2013 10:00 AM,-97,0.148,-96,0.161,
7/3/2013 11:00 AM,-96,0.147,-96,0.161,
7/3/2013 12:00 PM,-97,0.147,-96,0.161,
7/3/2013 1:00 PM,-98,0.147,-97,0.161,
7/3/2013 2:00 PM,-99,0.146,-98,0.160,
7/3/2013 3:00 PM,-99,0.147,-99,0.160,
7/3/2013 4:00 PM,-99,0.147,-100,0.160,
7/3/2013 5:00 PM,-100,0.146,-100,0.159,
7/3/2013 6:00 PM,-100,0.145,-102,0.159,
7/3/2013 7:00 PM,-101,0.145,-103,0.160,
7/3/2013 8:00 PM,-103,0.145,-105,0.159,
7/3/2013 9:00 PM,-104,0.145,-106,0.159,
7/3/2013 10:00 PM,-104,0.145,-108,0.159,
7/3/2013 11:00 PM,-105,0.144,-108,0.159,
7/4/2013 12:00 AM,-105,0.144,-110,0.159,
7/4/2013 1:00 AM,-105,0.144,-111,0.159,
7/4/2013 2:00 AM,-106,0.144,-112,0.159,
7/4/2013 3:00 AM,-107,0.143,-114,0.158,
7/4/2013 4:00 AM,-108,0.143,-115,0.157,
7/4/2013 5:00 AM,-108,0.143,-116,0.157,
7/4/2013 6:00 AM,-108,0.143,-117,0.157,
7/4/2013 7:00 AM,-109,0.143,-118,0.157,
7/4/2013 8:00 AM,-109,0.142,-118,0.157,
7/4/2013 9:00 AM,-108,0.142,-119,0.157,
7/4/2013 10:00 AM,-109,0.142,-118,0.157,
7/4/2013 11:00 AM,-107,0.141,-119,0.156,
7/4/2013 12:00 PM,-108,0.140,-119,0.156,
7/4/2013 1:00 PM,-110,0.140,-119,0.156,
7/4/2013 2:00 PM,-111,0.140,-120,0.155,
7/4/2013 3:00 PM,-113,0.141,-121,0.155,
7/4/2013 4:00 PM,-113,0.142,-121,0.156,
7/4/2013 5:00 PM,-114,0.142,-120,0.156,
7/4/2013 6:00 PM,-115,0.142,-121,0.156,
7/4/2013 7:00 PM,-115,0.142,-121,0.156,
7/4/2013 8:00 PM,-116,0.141,-122,0.156,
7/4/2013 9:00 PM,-117,0.140,-125,0.156,
7/4/2013 10:00 PM,-118,0.140,-127,0.156,
7/4/2013 11:00 PM,-119,0.140,-128,0.156,
7/5/2013 12:00 AM,-120,0.140,-129,0.156,
7/5/2013 1:00 AM,-120,0.140,-130,0.156,
7/5/2013 2:00 AM,-122,0.139,-131,0.156,
7/5/2013 3:00 AM,-124,0.139,-132,0.156,
7/5/2013 4:00 AM,-124,0.139,-133,0.155,
7/5/2013 5:00 AM,-125,0.139,-135,0.154,
7/5/2013 6:00 AM,-126,0.139,-137,0.154,
7/5/2013 7:00 AM,-126,0.138,-137,0.154,
7/5/2013 8:00 AM,-127,0.137,-137,0.154,
7/5/2013 9:00 AM,-127,0.137,-137,0.154,
7/5/2013 10:00 AM,-127,0.137,-137,0.154,
7/5/2013 11:00 AM,-126,0.137,-137,0.154,
7/5/2013 12:00 PM,-126,0.137,-138,0.154,
7/5/2013 1:00 PM,-129,0.136,-138,0.153,
7/5/2013 2:00 PM,-130,0.137,-139,0.152,
7/5/2013 3:00 PM,-130,0.137,-138,0.152,
7/5/2013 4:00 PM,-131,0.139,-140,0.152,
7/5/2013 5:00 PM,-131,0.138,-144,0.152,
7/5/2013 6:00 PM,-132,0.138,-145,0.151,
7/5/2013 7:00 PM,-132,0.138,-144,0.152,
7/5/2013 8:00 PM,-135,0.137,-144,0.152,
7/5/2013 9:00 PM,-135,0.137,-148,0.152,
7/5/2013 10:00 PM,-136,0.137,-149,0.152,
7/5/2013 11:00 PM,-137,0.136,-151,0.152,
7/6/2013 12:00 AM,-138,0.135,-152,0.152,
7/6/2013 1:00 AM,-139,0.135,-153,0.152,
7/6/2013 2:00 AM,-140,0.135,-155,0.152,
7/6/2013 3:00 AM,-140,0.135,-156,0.151,
7/6/2013 4:00 AM,-143,0.134,-156,0.151,
7/6/2013 5:00 AM,-143,0.134,-157,0.151,
7/6/2013 6:00 AM,-144,0.134,-157,0.151,
7/6/2013 7:00 AM,-145,0.134,-159,0.151,
7/6/2013 8:00 AM,-145,0.134,-159,0.151,
7/6/2013 9:00 AM,-147,0.134,-160,0.151,
7/6/2013 10:00 AM,-148,0.134,-159,0.151,
7/6/2013 11:00 AM,-148,0.133,-160,0.151,
7/6/2013 12:00 PM,-148,0.133,-162,0.151,
7/6/2013 1:00 PM,-148,0.134,-160,0.150,
7/6/2013 2:00 PM,-151,0.134,-160,0.149,
7/6/2013 3:00 PM,-152,0.135,-160,0.149,
7/6/2013 4:00 PM,-149,0.135,-162,0.149,
7/6/2013 5:00 PM,-151,0.135,-164,0.149,
7/6/2013 6:00 PM,-151,0.135,-166,0.149,
7/6/2013 7:00 PM,-152,0.135,-169,0.149,
7/6/2013 8:00 PM,-155,0.134,-170,0.149,
7/6/2013 9:00 PM,-155,0.134,-172,0.150,
7/6/2013 10:00 PM,-155,0.134,-173,0.150,
7/6/2013 11:00 PM,-156,0.134,-175,0.150,
7/7/2013 12:00 AM,-157,0.134,-177,0.150,
7/7/2013 1:00 AM,-157,0.133,-177,0.150,
7/7/2013 2:00 AM,-159,0.132,-180,0.149,
7/7/2013 3:00 AM,-160,0.132,-181,0.149,
7/7/2013 4:00 AM,-162,0.132,-185,0.149,
7/7/2013 5:00 AM,-163,0.132,-185,0.148,
7/7/2013 6:00 AM,-164,0.131,-186,0.148,
7/7/2013 7:00 AM,-166,0.130,-190,0.147,
7/7/2013 8:00 AM,-167,0.130,-190,0.147,
7/7/2013 9:00 AM,-167,0.130,-192,0.147,
7/7/2013 10:00 AM,-169,0.130,-186,0.147,
7/7/2013 11:00 AM,-167,0.130,-185,0.147,
7/7/2013 12:00 PM,-170,0.130,-183,0.147,
7/7/2013 1:00 PM,-169,0.130,-186,0.147,
7/7/2013 2:00 PM,-170,0.131,-183,0.146,
7/7/2013 3:00 PM,-170,0.132,-183,0.145,
7/7/2013 4:00 PM,-169,0.133,-186,0.145,
7/7/2013 5:00 PM,-169,0.134,-186,0.145,
7/7/2013 6:00 PM,-169,0.134,-192,0.146,
7/7/2013 7:00 PM,-170,0.134,-192,0.146,
7/7/2013 8:00 PM,-172,0.133,-192,0.147,
7/7/2013 9:00 PM,-173,0.132,-193,0.147,
7/7/2013 10:00 PM,-175,0.132,-193,0.147,
7/7/2013 11:00 PM,-177,0.132,-195,0.147,
7/8/2013 12:00 AM,-177,0.130,-197,0.147,
7/8/2013 1:00 AM,-178,0.130,-199,0.147,
7/8/2013 2:00 AM,-180,0.130,-201,0.146,
7/8/2013 3:00 AM,-181,0.129,-202,0.146,
7/8/2013 4:00 AM,-181,0.129,-202,0.146,
7/8/2013 5:00 AM,-183,0.128,-204,0.145,
7/8/2013 6:00 AM,-186,0.128,-206,0.145,
7/8/2013 7:00 AM,-188,0.128,-206,0.145,
7/8/2013 8:00 AM,-190,0.128,-208,0.145,
7/8/2013 9:00 AM,-190,0.128,-208,0.145,
7/8/2013 10:00 AM,-192,0.128,-206,0.145,
7/8/2013 11:00 AM,-192,0.128,-206,0.145,
7/8/2013 12:00 PM,-193,0.128,-204,0.145,
7/8/2013 1:00 PM,-193,0.128,-202,0.144,
7/8/2013 2:00 PM,-193,0.128,-202,0.144,
7/8/2013 3:00 PM,-195,0.130,-201,0.144,
7/8/2013 4:00 PM,-193,0.130,-202,0.144,
7/8/2013 5:00 PM,-195,0.131,-202,0.144,
7/8/2013 6:00 PM,-193,0.132,-201,0.144,
7/8/2013 7:00 PM,-195,0.131,-202,0.145,
7/8/2013 8:00 PM,-197,0.130,-206,0.145,
7/8/2013 9:00 PM,-201,0.130,-208,0.145,
7/8/2013 10:00 PM,-201,0.130,-210,0.145,
7/8/2013 11:00 PM,-202,0.129,-212,0.145,
7/9/2013 12:00 AM,-202,0.128,-210,0.145,
7/9/2013 1:00 AM,-204,0.128,-210,0.145,
7/9/2013 2:00 AM,-206,0.128,-212,0.145,
7/9/2013 3:00 AM,-208,0.128,-214,0.144,
7/9/2013 4:00 AM,-210,0.127,-214,0.144,
7/9/2013 5:00 AM,-212,0.127,-214,0.144,
7/9/2013 6:00 AM,-214,0.127,-216,0.144,
7/9/2013 7:00 AM,-216,0.127,-216,0.144,
7/9/2013 8:00 AM,-218,0.127,-218,0.144,
7/9/2013 9:00 AM,-220,0.127,-220,0.144,
7/9/2013 10:00 AM,-220,0.126,-218,0.144,
7/9/2013 11:00 AM,-220,0.126,-214,0.143,
7/9/2013 12:00 PM,-222,0.127,-214,0.143,
7/9/2013 1:00 PM,-220,0.127,-212,0.143,
7/9/2013 2:00 PM,-222,0.127,-214,0.143,
7/9/2013 3:00 PM,-222,0.128,-214,0.143,
7/9/2013 4:00 PM,-224,0.128,-214,0.142,
7/9/2013 5:00 PM,-224,0.128,-216,0.142,
7/9/2013 6:00 PM,-226,0.128,-216,0.143,
7/9/2013 7:00 PM,-228,0.162,-214,0.143,
7/9/2013 8:00 PM,-233,0.480,-214,0.143,
7/9/2013 9:00 PM,-235,0.472,-214,0.143,
7/9/2013 10:00 PM,-235,0.446,-216,0.143,
7/9/2013 11:00 PM,-237,0.432,-214,0.143,
7/10/2013 12:00 AM,-237,0.421,-214,0.142,
7/10/2013 1:00 AM,-239,0.413,-214,0.142,
7/10/2013 2:00 AM,-239,0.407,-216,0.142,
7/10/2013 3:00 AM,-244,0.401,-216,0.142,
7/10/2013 4:00 AM,-246,0.396,-216,0.142,
7/10/2013 5:00 AM,-248,0.392,-216,0.142,
7/10/2013 6:00 AM,-248,0.387,-218,0.141,
7/10/2013 7:00 AM,-251,0.383,-222,0.141,
7/10/2013 8:00 AM,-256,0.379,-222,0.140,
7/10/2013 9:00 AM,-253,0.375,-222,0.140,
7/10/2013 10:00 AM,-253,0.368,-220,0.140,
7/10/2013 11:00 AM,-253,0.358,-220,0.140,
7/10/2013 12:00 PM,-253,0.349,-220,0.140,
7/10/2013 1:00 PM,-253,0.337,-218,0.140,
7/10/2013 2:00 PM,-253,0.323,-214,0.140,
7/10/2013 3:00 PM,-253,0.310,-214,0.140,
7/10/2013 4:00 PM,-251,0.294,-214,0.140,
7/10/2013 5:00 PM,-246,0.279,-214,0.141,
7/10/2013 6:00 PM,-246,0.262,-212,0.142,
7/10/2013 7:00 PM,-248,0.246,-214,0.142,
7/10/2013 8:00 PM,-248,0.236,-212,0.142,
7/10/2013 9:00 PM,-248,0.228,-216,0.142,
7/10/2013 10:00 PM,-248,0.222,-218,0.142,
7/10/2013 11:00 PM,-251,0.217,-218,0.142,
7/11/2013 12:00 AM,-251,0.213,-218,0.142,
7/11/2013 1:00 AM,-253,0.208,-220,0.142,
7/11/2013 2:00 AM,-256,0.204,-220,0.142,
7/11/2013 3:00 AM,-256,0.201,-220,0.142,
7/11/2013 4:00 AM,-256,0.197,-220,0.142,
7/11/2013 5:00 AM,-258,0.194,-222,0.142,
7/11/2013 6:00 AM,-258,0.191,-220,0.141,
7/11/2013 7:00 AM,-263,0.189,-222,0.140,
7/11/2013 8:00 AM,-263,0.186,-224,0.140,
7/11/2013 9:00 AM,-266,0.184,-224,0.140,
7/11/2013 10:00 AM,-261,0.179,-220,0.140,
7/11/2013 11:00 AM,-263,0.173,-218,0.140,
7/11/2013 12:00 PM,-263,0.168,-218,0.140,
7/11/2013 1:00 PM,-263,0.164,-216,0.140,
7/11/2013 2:00 PM,-263,0.162,-218,0.140,
7/11/2013 3:00 PM,-258,0.159,-218,0.140,
7/11/2013 4:00 PM,-261,0.156,-218,0.140,
7/11/2013 5:00 PM,-263,0.333,-202,0.202,
7/11/2013 6:00 PM,-33,0.482,-12,0.489,
7/11/2013 7:00 PM,-12,0.473,-12,0.484,
7/11/2013 8:00 PM,-12,0.470,-12,0.481,
7/11/2013 9:00 PM,-12,0.470,-12,0.480,
7/11/2013 10:00 PM,-12,0.470,-12,0.479,
7/11/2013 11:00 PM,-12,0.472,-12,0.475,
7/12/2013 12:00 AM,-12,0.472,-12,0.465,
7/12/2013 1:00 AM,-13,0.451,-12,0.461,
7/12/2013 2:00 AM,-13,0.443,-12,0.457,
7/12/2013 3:00 AM,-13,0.440,-12,0.454,
7/12/2013 4:00 AM,-13,0.436,-12,0.451,
7/12/2013 5:00 AM,-13,0.431,-12,0.450,
7/12/2013 6:00 AM,-13,0.428,-12,0.447,
7/12/2013 7:00 AM,-13,0.425,-12,0.445,
7/12/2013 8:00 AM,-13,0.423,-12,0.442,
7/12/2013 9:00 AM,-13,0.421,-12,0.440,
7/12/2013 10:00 AM,-13,0.418,-12,0.438,
7/12/2013 11:00 AM,-13,0.414,-12,0.436,
7/12/2013 12:00 PM,-13,0.411,-12,0.434,
7/12/2013 1:00 PM,-13,0.408,-12,0.432,
7/12/2013 2:00 PM,-13,0.403,-12,0.428,
7/12/2013 3:00 PM,-13,0.398,-12,0.425,
7/12/2013 4:00 PM,-13,0.394,-12,0.422,
7/12/2013 5:00 PM,-13,0.390,-12,0.418,
7/12/2013 6:00 PM,-13,0.386,-12,0.415,
7/12/2013 7:00 PM,-13,0.382,-12,0.412,
7/12/2013 8:00 PM,-13,0.379,-13,0.409,
7/12/2013 9:00 PM,-13,0.377,-13,0.407,
7/12/2013 10:00 PM,-13,0.375,-13,0.406,
7/12/2013 11:00 PM,-13,0.373,-13,0.403,
7/13/2013 12:00 AM,-13,0.372,-13,0.402,
7/13/2013 1:00 AM,-13,0.369,-13,0.400,
7/13/2013 2:00 AM,-13,0.368,-13,0.399,
7/13/2013 3:00 AM,-13,0.366,-13,0.397,
7/13/2013 4:00 AM,-13,0.365,-13,0.395,
7/13/2013 5:00 AM,-13,0.363,-13,0.394,
7/13/2013 6:00 AM,-13,0.361,-13,0.393,
7/13/2013 7:00 AM,-13,0.361,-13,0.392,
7/13/2013 8:00 AM,-13,0.360,-13,0.390,
7/13/2013 9:00 AM,-13,0.357,-13,0.389,
7/13/2013 10:00 AM,-13,0.353,-14,0.388,
7/13/2013 11:00 AM,-13,0.346,-14,0.385,
7/13/2013 12:00 PM,-14,0.338,-14,0.383,
7/13/2013 1:00 PM,-14,0.331,-14,0.380,
7/13/2013 2:00 PM,-14,0.323,-15,0.376,
7/13/2013 3:00 PM,-14,0.316,-15,0.372,
7/13/2013 4:00 PM,-14,0.308,-15,0.369,
7/13/2013 5:00 PM,-14,0.299,-16,0.367,
7/13/2013 6:00 PM,-14,0.291,-17,0.365,
7/13/2013 7:00 PM,-14,0.284,-17,0.363,
7/13/2013 8:00 PM,-14,0.279,-18,0.361,
7/13/2013 9:00 PM,-14,0.276,-18,0.361,
7/13/2013 10:00 PM,-14,0.274,-19,0.360,
7/13/2013 11:00 PM,-15,0.271,-19,0.358,
7/14/2013 12:00 AM,-15,0.269,-19,0.358,
7/14/2013 1:00 AM,-15,0.267,-20,0.356,
7/14/2013 2:00 AM,-15,0.264,-20,0.355,
7/14/2013 3:00 AM,-15,0.263,-20,0.355,
7/14/2013 4:00 AM,-15,0.260,-21,0.354,
7/14/2013 5:00 AM,-15,0.259,-21,0.353,
7/14/2013 6:00 AM,-15,0.258,-21,0.351,
7/14/2013 7:00 AM,-16,0.256,-21,0.351,
7/14/2013 8:00 AM,-16,0.254,-21,0.350,
7/14/2013 9:00 AM,-16,0.252,-22,0.349,
7/14/2013 10:00 AM,-16,0.247,-22,0.348,
7/14/2013 11:00 AM,-16,0.237,-22,0.346,
7/14/2013 12:00 PM,-16,0.226,-23,0.344,
7/14/2013 1:00 PM,-16,0.217,-24,0.341,
7/14/2013 2:00 PM,-16,0.208,-25,0.338,
7/14/2013 3:00 PM,-16,0.202,-26,0.334,
7/14/2013 4:00 PM,-17,0.196,-28,0.331,
7/14/2013 5:00 PM,-17,0.191,-29,0.328,
7/14/2013 6:00 PM,-17,0.188,-31,0.326,
7/14/2013 7:00 PM,-17,0.185,-32,0.324,
7/14/2013 8:00 PM,-17,0.184,-33,0.321,
7/14/2013 9:00 PM,-17,0.183,-34,0.320,
7/14/2013 10:00 PM,-17,0.181,-35,0.319,
7/14/2013 11:00 PM,-18,0.181,-36,0.317,
7/15/2013 12:00 AM,-18,0.180,-36,0.316,
7/15/2013 1:00 AM,-18,0.179,-37,0.315,
7/15/2013 2:00 AM,-18,0.179,-37,0.314,
7/15/2013 3:00 AM,-18,0.178,-37,0.313,
7/15/2013 4:00 AM,-18,0.178,-38,0.312,
7/15/2013 5:00 AM,-18,0.177,-38,0.310,
7/15/2013 6:00 AM,-18,0.176,-38,0.310,
7/15/2013 7:00 AM,-18,0.176,-39,0.309,
7/15/2013 8:00 AM,-18,0.176,-39,0.307,
7/15/2013 9:00 AM,-18,0.176,-39,0.307,
7/15/2013 10:00 AM,-19,0.175,-40,0.305,
7/15/2013 11:00 AM,-19,0.174,-40,0.304,
7/15/2013 12:00 PM,-19,0.174,-40,0.304,
7/15/2013 1:00 PM,-19,0.174,-40,0.302,
7/15/2013 2:00 PM,-19,0.174,-41,0.300,
7/15/2013 3:00 PM,-19,0.174,-41,0.299,
7/15/2013 4:00 PM,-19,0.174,-41,0.298,
7/15/2013 5:00 PM,-19,0.173,-42,0.297,
7/15/2013 6:00 PM,-19,0.173,-42,0.296,
7/15/2013 7:00 PM,-19,0.173,-43,0.295,
7/15/2013 8:00 PM,-19,0.173,-43,0.293,
7/15/2013 9:00 PM,-20,0.173,-43,0.293,
7/15/2013 10:00 PM,-20,0.172,-43,0.292,
7/15/2013 11:00 PM,-20,0.171,-43,0.292,
7/16/2013 12:00 AM,-20,0.171,-44,0.291,
7/16/2013 1:00 AM,-20,0.171,-44,0.290,
7/16/2013 2:00 AM,-20,0.170,-44,0.289,
7/16/2013 3:00 AM,-20,0.170,-44,0.288,
7/16/2013 4:00 AM,-20,0.170,-44,0.287,
7/16/2013 5:00 AM,-20,0.169,-44,0.287,
7/16/2013 6:00 AM,-20,0.169,-45,0.287,
7/16/2013 7:00 AM,-20,0.169,-45,0.285,
7/16/2013 8:00 AM,-21,0.169,-45,0.285,
7/16/2013 9:00 AM,-21,0.169,-45,0.283,
7/16/2013 10:00 AM,-21,0.168,-45,0.283,
7/16/2013 11:00 AM,-21,0.168,-46,0.281,
7/16/2013 12:00 PM,-21,0.167,-46,0.279,
7/16/2013 1:00 PM,-21,0.167,-47,0.277,
7/16/2013 2:00 PM,-21,0.166,-48,0.276,
7/16/2013 3:00 PM,-21,0.166,-48,0.275,
7/16/2013 4:00 PM,-22,0.166,-48,0.273,
7/16/2013 5:00 PM,-22,0.165,-49,0.273,
7/16/2013 6:00 PM,-22,0.165,-49,0.272,
7/16/2013 7:00 PM,-22,0.164,-49,0.271,
7/16/2013 8:00 PM,-22,0.164,-49,0.270,
7/16/2013 9:00 PM,-22,0.164,-49,0.270,
7/16/2013 10:00 PM,-22,0.164,-50,0.270,
7/16/2013 11:00 PM,-22,0.164,-50,0.268,
7/17/2013 12:00 AM,-22,0.164,-50,0.268,
7/17/2013 1:00 AM,-23,0.164,-50,0.267,
7/17/2013 2:00 AM,-23,0.164,-51,0.266,
7/17/2013 3:00 AM,-23,0.164,-51,0.266,
7/17/2013 4:00 AM,-23,0.168,-50,0.264,
7/17/2013 5:00 AM,-23,0.313,-51,0.263,
7/17/2013 6:00 AM,-23,0.397,-44,0.262,
7/17/2013 7:00 AM,-23,0.399,-29,0.260,
7/17/2013 8:00 AM,-23,0.402,-22,0.259,
7/17/2013 9:00 AM,-23,0.407,-16,0.259,
7/17/2013 10:00 AM,-23,0.421,-12,0.258,
7/17/2013 11:00 AM,-23,0.434,-11,0.256,
7/17/2013 12:00 PM,-23,0.448,-12,0.256,
7/17/2013 1:00 PM,-20,0.459,-12,0.256,
7/17/2013 2:00 PM,-14,0.459,-12,0.256,
7/17/2013 3:00 PM,-12,0.484,-12,0.256,
7/17/2013 4:00 PM,-12,0.486,-12,0.259,
7/17/2013 5:00 PM,-12,0.488,-12,0.307,
7/17/2013 6:00 PM,-12,0.489,-12,0.424,
7/17/2013 7:00 PM,-12,0.490,-12,0.455,
7/17/2013 8:00 PM,-12,0.479,-12,0.457,
7/17/2013 9:00 PM,-12,0.479,-12,0.455,
7/17/2013 10:00 PM,-12,0.476,-12,0.452,
7/17/2013 11:00 PM,-13,0.470,-12,0.450,
7/18/2013 12:00 AM,-13,0.468,-12,0.449,
7/18/2013 1:00 AM,-12,0.469,-12,0.447,
7/18/2013 2:00 AM,-12,0.471,-12,0.445,
7/18/2013 3:00 AM,-13,0.472,-12,0.444,
7/18/2013 4:00 AM,-13,0.473,-12,0.442,
7/18/2013 5:00 AM,-13,0.474,-12,0.440,
7/18/2013 6:00 AM,-13,0.456,-12,0.438,
7/18/2013 7:00 AM,-13,0.448,-12,0.436,
7/18/2013 8:00 AM,-13,0.446,-12,0.436,
7/18/2013 9:00 AM,-13,0.445,-12,0.434,
7/18/2013 10:00 AM,-12,0.445,-12,0.434,
7/18/2013 11:00 AM,-13,0.445,-12,0.433,
7/18/2013 12:00 PM,-12,0.445,-12,0.433,
7/18/2013 1:00 PM,-12,0.451,-12,0.433,
7/18/2013 2:00 PM,-12,0.458,-12,0.435,
7/18/2013 3:00 PM,-12,0.460,-12,0.440,
7/18/2013 4:00 PM,-12,0.460,-12,0.443,
7/18/2013 5:00 PM,-12,0.461,-11,0.443,
7/18/2013 6:00 PM,-12,0.462,-11,0.443,
7/18/2013 7:00 PM,-12,0.462,-11,0.442,
7/18/2013 8:00 PM,-12,0.463,-11,0.441,
7/18/2013 9:00 PM,-12,0.457,-11,0.440,
7/18/2013 10:00 PM,-12,0.451,-11,0.440,
7/18/2013 11:00 PM,-12,0.449,-11,0.440,
7/19/2013 12:00 AM,-12,0.446,-11,0.438,
7/19/2013 1:00 AM,-12,0.445,-11,0.437,
7/19/2013 2:00 AM,-12,0.443,-12,0.436,
7/19/2013 3:00 AM,-12,0.441,-12,0.436,
7/19/2013 4:00 AM,-12,0.440,-12,0.435,
7/19/2013 5:00 AM,-12,0.439,-12,0.434,
7/19/2013 6:00 AM,-12,0.437,-12,0.433,
7/19/2013 7:00 AM,-12,0.436,-12,0.433,
7/19/2013 8:00 AM,-12,0.434,-12,0.431,
7/19/2013 9:00 AM,-12,0.434,-12,0.431,
7/19/2013 10:00 AM,-12,0.432,-12,0.429,
7/19/2013 11:00 AM,-12,0.430,-11,0.428,
7/19/2013 12:00 PM,-12,0.429,-11,0.427,
7/19/2013 1:00 PM,-12,0.429,-11,0.426,
7/19/2013 2:00 PM,-12,0.429,-11,0.426,
7/19/2013 3:00 PM,-12,0.455,-11,0.424,
7/19/2013 4:00 PM,-12,0.479,-11,0.428,
7/19/2013 5:00 PM,-12,0.470,-11,0.436,
7/19/2013 6:00 PM,-12,0.469,-11,0.439,
7/19/2013 7:00 PM,-12,0.470,-11,0.440,
7/19/2013 8:00 PM,-12,0.470,-11,0.441,
7/19/2013 9:00 PM,-12,0.470,-11,0.440,
7/19/2013 10:00 PM,-12,0.472,-11,0.440,
7/19/2013 11:00 PM,-12,0.472,-11,0.440,
7/20/2013 12:00 AM,-12,0.472,-11,0.439,
7/20/2013 1:00 AM,-12,0.471,-11,0.438,
7/20/2013 2:00 AM,-12,0.459,-11,0.437,
7/20/2013 3:00 AM,-12,0.456,-11,0.436,
7/20/2013 4:00 AM,-12,0.454,-11,0.436,
7/20/2013 5:00 AM,-12,0.452,-11,0.435,
7/20/2013 6:00 AM,-12,0.452,-11,0.435,
7/20/2013 7:00 AM,-12,0.451,-11,0.435,
7/20/2013 8:00 AM,-12,0.449,-11,0.434,
7/20/2013 9:00 AM,-12,0.447,-11,0.434,
7/20/2013 10:00 AM,-12,0.446,-11,0.434,
7/20/2013 11:00 AM,-12,0.445,-11,0.434,
7/20/2013 12:00 PM,-12,0.443,-11,0.433,
7/20/2013 1:00 PM,-12,0.442,-11,0.433,
7/20/2013 2:00 PM,-12,0.440,-11,0.431,
7/20/2013 3:00 PM,-12,0.439,-11,0.430,
7/20/2013 4:00 PM,-12,0.435,-11,0.428,
7/20/2013 5:00 PM,-12,0.433,-11,0.428,
7/20/2013 6:00 PM,-12,0.431,-11,0.427,
7/20/2013 7:00 PM,-12,0.432,-11,0.426,
7/20/2013 8:00 PM,-12,0.433,-11,0.426,
7/20/2013 9:00 PM,-12,0.433,-11,0.426,
7/20/2013 10:00 PM,-12,0.431,-11,0.425,
7/20/2013 11:00 PM,-12,0.429,-11,0.424,
7/21/2013 12:00 AM,-12,0.428,-11,0.423,
7/21/2013 1:00 AM,-12,0.426,-11,0.423,
7/21/2013 2:00 AM,-12,0.426,-11,0.423,
7/21/2013 3:00 AM,-12,0.424,-11,0.422,
7/21/2013 4:00 AM,-12,0.423,-11,0.421,
7/21/2013 5:00 AM,-12,0.423,-11,0.420,
7/21/2013 6:00 AM,-12,0.422,-11,0.419,
7/21/2013 7:00 AM,-12,0.421,-11,0.419,
7/21/2013 8:00 AM,-12,0.419,-11,0.417,
7/21/2013 9:00 AM,-12,0.419,-11,0.417,
7/21/2013 10:00 AM,-12,0.418,-11,0.417,
7/21/2013 11:00 AM,-12,0.417,-11,0.416,
7/21/2013 12:00 PM,-12,0.416,-11,0.415,
7/21/2013 1:00 PM,-12,0.414,-11,0.413,
7/21/2013 2:00 PM,-12,0.412,-11,0.412,
7/21/2013 3:00 PM,-12,0.411,-11,0.409,
7/21/2013 4:00 PM,-12,0.408,-11,0.406,
7/21/2013 5:00 PM,-12,0.406,-11,0.405,
7/21/2013 6:00 PM,-12,0.403,-11,0.402,
7/21/2013 7:00 PM,-12,0.401,-11,0.401,
7/21/2013 8:00 PM,-12,0.400,-11,0.400,
7/21/2013 9:00 PM,-12,0.399,-11,0.400,
7/21/2013 10:00 PM,-12,0.402,-11,0.399,
7/21/2013 11:00 PM,-12,0.404,-11,0.398,
7/22/2013 12:00 AM,-12,0.406,-11,0.397,
7/22/2013 1:00 AM,-12,0.406,-11,0.397,
7/22/2013 2:00 AM,-12,0.405,-11,0.396,
7/22/2013 3:00 AM,-12,0.404,-11,0.395,
7/22/2013 4:00 AM,-12,0.404,-11,0.395,
7/22/2013 5:00 AM,-12,0.404,-11,0.395,
7/22/2013 6:00 AM,-12,0.402,-12,0.395,
7/22/2013 7:00 AM,-12,0.402,-12,0.394,
7/22/2013 8:00 AM,-12,0.402,-12,0.394,
7/22/2013 9:00 AM,-12,0.401,-12,0.394,
7/22/2013 10:00 AM,-12,0.400,-12,0.393,
7/22/2013 11:00 AM,-12,0.398,-11,0.392,
7/22/2013 12:00 PM,-12,0.394,-11,0.390,
7/22/2013 1:00 PM,-12,0.393,-11,0.389,
7/22/2013 2:00 PM,-12,0.391,-11,0.388,
7/22/2013 3:00 PM,-12,0.388,-11,0.386,
7/22/2013 4:00 PM,-12,0.384,-11,0.383,
7/22/2013 5:00 PM,-12,0.383,-12,0.381,
7/22/2013 6:00 PM,-12,0.408,-12,0.380,
7/22/2013 7:00 PM,-12,0.417,-11,0.380,
7/22/2013 8:00 PM,-12,0.417,-11,0.380,
7/22/2013 9:00 PM,-12,0.417,-11,0.380,
7/22/2013 10:00 PM,-12,0.417,-11,0.380,
7/22/2013 11:00 PM,-12,0.416,-11,0.380,
7/23/2013 12:00 AM,-12,0.416,-11,0.379,
7/23/2013 1:00 AM,-12,0.414,-11,0.378,
7/23/2013 2:00 AM,-12,0.413,-11,0.378,
7/23/2013 3:00 AM,-12,0.412,-11,0.378,
7/23/2013 4:00 AM,-12,0.412,-11,0.378,
7/23/2013 5:00 AM,-12,0.411,-11,0.377,
7/23/2013 6:00 AM,-12,0.410,-11,0.377,
7/23/2013 7:00 AM,-12,0.409,-11,0.377,
7/23/2013 8:00 AM,-12,0.409,-11,0.377,
7/23/2013 9:00 AM,-12,0.407,-11,0.376,
7/23/2013 10:00 AM,-12,0.406,-11,0.375,
7/23/2013 11:00 AM,-12,0.405,-11,0.375,
7/23/2013 12:00 PM,-12,0.402,-11,0.374,
7/23/2013 1:00 PM,-12,0.399,-11,0.372,
7/23/2013 2:00 PM,-12,0.397,-11,0.371,
7/23/2013 3:00 PM,-12,0.394,-11,0.369,
7/23/2013 4:00 PM,-12,0.392,-11,0.368,
7/23/2013 5:00 PM,-12,0.390,-11,0.367,
7/23/2013 6:00 PM,-12,0.387,-11,0.366,
7/23/2013 7:00 PM,-12,0.385,-11,0.365,
7/23/2013 8:00 PM,-12,0.383,-11,0.365,
7/23/2013 9:00 PM,-12,0.382,-11,0.364,
7/23/2013 10:00 PM,-12,0.381,-11,0.363,
7/23/2013 11:00 PM,-12,0.380,-11,0.363,
7/24/2013 12:00 AM,-12,0.379,-11,0.362,
7/24/2013 1:00 AM,-12,0.378,-11,0.361,
7/24/2013 2:00 AM,-12,0.378,-12,0.361,
7/24/2013 3:00 AM,-12,0.377,-12,0.361,
7/24/2013 4:00 AM,-12,0.377,-12,0.361,
7/24/2013 5:00 AM,-12,0.377,-12,0.361,
7/24/2013 6:00 AM,-12,0.375,-12,0.360,
7/24/2013 7:00 AM,-12,0.375,-12,0.360,
7/24/2013 8:00 AM,-12,0.374,-12,0.360,
7/24/2013 9:00 AM,-12,0.373,-12,0.358,
7/24/2013 10:00 AM,-12,0.372,-12,0.358,
7/24/2013 11:00 AM,-12,0.367,-12,0.357,
7/24/2013 12:00 PM,-12,0.362,-12,0.355,
7/24/2013 1:00 PM,-12,0.357,-12,0.355,
7/24/2013 2:00 PM,-12,0.352,-12,0.352,
7/24/2013 3:00 PM,-12,0.348,-12,0.350,
7/24/2013 4:00 PM,-12,0.347,-12,0.349,
7/24/2013 5:00 PM,-12,0.345,-12,0.348,
7/24/2013 6:00 PM,-12,0.344,-12,0.348,
7/24/2013 7:00 PM,-12,0.343,-12,0.346,
7/24/2013 8:00 PM,-12,0.342,-12,0.346,
7/24/2013 9:00 PM,-12,0.341,-12,0.344,
7/24/2013 10:00 PM,-13,0.340,-12,0.344,
7/24/2013 11:00 PM,-13,0.339,-12,0.343,
7/25/2013 12:00 AM,-13,0.338,-12,0.343,
7/25/2013 1:00 AM,-13,0.338,-13,0.343,
7/25/2013 2:00 AM,-13,0.338,-13,0.341,
7/25/2013 3:00 AM,-13,0.336,-13,0.341,
7/25/2013 4:00 AM,-13,0.336,-13,0.340,
7/25/2013 5:00 AM,-13,0.334,-13,0.339,
7/25/2013 6:00 AM,-13,0.333,-13,0.339,
7/25/2013 7:00 AM,-13,0.332,-13,0.338,
7/25/2013 8:00 AM,-13,0.332,-13,0.338,
7/25/2013 9:00 AM,-13,0.331,-13,0.338,
7/25/2013 10:00 AM,-13,0.331,-13,0.338,
7/25/2013 11:00 AM,-13,0.327,-13,0.337,
7/25/2013 12:00 PM,-13,0.324,-13,0.336,
7/25/2013 1:00 PM,-13,0.320,-13,0.333,
7/25/2013 2:00 PM,-13,0.315,-13,0.332,
7/25/2013 3:00 PM,-13,0.310,-13,0.330,
7/25/2013 4:00 PM,-13,0.307,-13,0.328,
7/25/2013 5:00 PM,-13,0.304,-13,0.327,
7/25/2013 6:00 PM,-13,0.300,-14,0.325,
7/25/2013 7:00 PM,-13,0.296,-14,0.324,
7/25/2013 8:00 PM,-13,0.293,-14,0.322,
7/25/2013 9:00 PM,-13,0.292,-14,0.322,
7/25/2013 10:00 PM,-13,0.291,-14,0.321,
7/25/2013 11:00 PM,-13,0.290,-15,0.321,
7/26/2013 12:00 AM,-13,0.288,-15,0.320,
7/26/2013 1:00 AM,-13,0.287,-15,0.319,
7/26/2013 2:00 AM,-13,0.286,-15,0.318,
7/26/2013 3:00 AM,-13,0.285,-15,0.317,
7/26/2013 4:00 AM,-13,0.283,-15,0.316,
7/26/2013 5:00 AM,-13,0.283,-15,0.315,
7/26/2013 6:00 AM,-13,0.281,-15,0.315,
7/26/2013 7:00 AM,-14,0.281,-15,0.314,
7/26/2013 8:00 AM,-14,0.280,-15,0.314,
7/26/2013 9:00 AM,-14,0.279,-15,0.313,
7/26/2013 10:00 AM,-14,0.277,-15,0.312,
7/26/2013 11:00 AM,-14,0.273,-15,0.311,
7/26/2013 12:00 PM,-14,0.266,-16,0.310,
7/26/2013 1:00 PM,-14,0.260,-16,0.307,
7/26/2013 2:00 PM,-14,0.253,-16,0.305,
7/26/2013 3:00 PM,-14,0.247,-16,0.303,
7/26/2013 4:00 PM,-14,0.242,-17,0.299,
7/26/2013 5:00 PM,-14,0.241,-17,0.298,
7/26/2013 6:00 PM,-14,0.239,-17,0.297,
7/26/2013 7:00 PM,-14,0.237,-17,0.297,
7/26/2013 8:00 PM,-14,0.236,-18,0.297,
7/26/2013 9:00 PM,-14,0.236,-18,0.296,
7/26/2013 10:00 PM,-14,0.235,-18,0.295,
7/26/2013 11:00 PM,-14,0.234,-18,0.295,
7/27/2013 12:00 AM,-14,0.234,-18,0.293,
7/27/2013 1:00 AM,-14,0.233,-18,0.293,
7/27/2013 2:00 AM,-14,0.232,-18,0.293,
7/27/2013 3:00 AM,-14,0.232,-18,0.292,
7/27/2013 4:00 AM,-14,0.231,-17,0.292,
7/27/2013 5:00 AM,-14,0.230,-17,0.292,
7/27/2013 6:00 AM,-14,0.230,-17,0.290,
7/27/2013 7:00 AM,-14,0.230,-17,0.290,
7/27/2013 8:00 AM,-14,0.229,-17,0.290,
7/27/2013 9:00 AM,-15,0.229,-17,0.289,
7/27/2013 10:00 AM,-14,0.229,-17,0.288,
7/27/2013 11:00 AM,-14,0.227,-17,0.287,
7/27/2013 12:00 PM,-15,0.225,-17,0.287,
7/27/2013 1:00 PM,-15,0.219,-17,0.285,
7/27/2013 2:00 PM,-15,0.216,-17,0.282,
7/27/2013 3:00 PM,-14,0.463,-12,0.461,
7/27/2013 4:00 PM,-12,0.485,-12,0.482,
7/27/2013 5:00 PM,-12,0.478,-12,0.479,
7/27/2013 6:00 PM,-12,0.475,-12,0.479,
7/27/2013 7:00 PM,-12,0.475,-12,0.478,
7/27/2013 8:00 PM,-12,0.475,-12,0.477,
7/27/2013 9:00 PM,-12,0.475,-12,0.477,
7/27/2013 10:00 PM,-12,0.476,-12,0.477,
7/27/2013 11:00 PM,-12,0.477,-12,0.477,
7/28/2013 12:00 AM,-12,0.477,-12,0.477,
7/28/2013 1:00 AM,-12,0.477,-12,0.476,
7/28/2013 2:00 AM,-12,0.477,-12,0.475,
7/28/2013 3:00 AM,-12,0.477,-12,0.473,
7/28/2013 4:00 AM,-12,0.478,-12,0.469,
7/28/2013 5:00 AM,-12,0.479,-12,0.467,
7/28/2013 6:00 AM,-12,0.461,-12,0.464,
7/28/2013 7:00 AM,-12,0.456,-12,0.461,
7/28/2013 8:00 AM,-12,0.454,-12,0.457,
7/28/2013 9:00 AM,-12,0.451,-12,0.456,
7/28/2013 10:00 AM,-12,0.450,-12,0.455,
7/28/2013 11:00 AM,-12,0.449,-12,0.453,
7/28/2013 12:00 PM,-12,0.444,-12,0.451,
7/28/2013 1:00 PM,-12,0.440,-12,0.448,
7/28/2013 2:00 PM,-12,0.436,-12,0.445,
7/28/2013 3:00 PM,-12,0.432,-12,0.443,
7/28/2013 4:00 PM,-12,0.427,-12,0.440,
7/28/2013 5:00 PM,-12,0.423,-12,0.438,
7/28/2013 6:00 PM,-12,0.419,-12,0.436,
7/28/2013 7:00 PM,-12,0.417,-12,0.434,
7/28/2013 8:00 PM,-12,0.414,-12,0.433,
7/28/2013 9:00 PM,-12,0.412,-12,0.432,
7/28/2013 10:00 PM,-12,0.411,-12,0.431,
7/28/2013 11:00 PM,-12,0.409,-12,0.429,
7/29/2013 12:00 AM,-12,0.408,-12,0.428,
7/29/2013 1:00 AM,-12,0.406,-12,0.427,
7/29/2013 2:00 AM,-12,0.405,-12,0.426,
7/29/2013 3:00 AM,-12,0.404,-12,0.425,
7/29/2013 4:00 AM,-12,0.404,-12,0.424,
7/29/2013 5:00 AM,-12,0.404,-12,0.423,
7/29/2013 6:00 AM,-12,0.402,-12,0.423,
7/29/2013 7:00 AM,-12,0.402,-12,0.422,
7/29/2013 8:00 AM,-12,0.401,-12,0.421,
7/29/2013 9:00 AM,-12,0.400,-12,0.420,
7/29/2013 10:00 AM,-12,0.399,-12,0.419,
7/29/2013 11:00 AM,-12,0.395,-12,0.417,
7/29/2013 12:00 PM,-12,0.390,-12,0.416,
7/29/2013 1:00 PM,-12,0.385,-12,0.413,
7/29/2013 2:00 PM,-12,0.379,-12,0.410,
7/29/2013 3:00 PM,-12,0.375,-12,0.407,
7/29/2013 4:00 PM,-12,0.372,-12,0.406,
7/29/2013 5:00 PM,-12,0.369,-12,0.404,
7/29/2013 6:00 PM,-12,0.367,-12,0.402,
7/29/2013 7:00 PM,-12,0.366,-12,0.402,
7/29/2013 8:00 PM,-12,0.365,-12,0.400,
7/29/2013 9:00 PM,-12,0.364,-12,0.400,
7/29/2013 10:00 PM,-12,0.363,-12,0.399,
7/29/2013 11:00 PM,-12,0.361,-12,0.398,
7/30/2013 12:00 AM,-12,0.361,-12,0.397,
7/30/2013 1:00 AM,-12,0.360,-12,0.396,
7/30/2013 2:00 AM,-12,0.359,-12,0.395,
7/30/2013 3:00 AM,-12,0.358,-12,0.395,
7/30/2013 4:00 AM,-12,0.357,-12,0.394,
7/30/2013 5:00 AM,-12,0.356,-12,0.394,
7/30/2013 6:00 AM,-12,0.355,-12,0.392,
7/30/2013 7:00 AM,-12,0.355,-12,0.392,
7/30/2013 8:00 AM,-12,0.355,-12,0.390,
7/30/2013 9:00 AM,-12,0.353,-12,0.390,
7/30/2013 10:00 AM,-12,0.350,-12,0.389,
7/30/2013 11:00 AM,-12,0.346,-12,0.387,
7/30/2013 12:00 PM,-12,0.340,-12,0.385,
7/30/2013 1:00 PM,-12,0.335,-12,0.383,
7/30/2013 2:00 PM,-12,0.330,-12,0.381,
7/30/2013 3:00 PM,-12,0.325,-12,0.378,
7/30/2013 4:00 PM,-12,0.324,-12,0.377,
7/30/2013 5:00 PM,-12,0.323,-13,0.377,
7/30/2013 6:00 PM,-12,0.321,-13,0.377,
7/30/2013 7:00 PM,-12,0.318,-13,0.376,
7/30/2013 8:00 PM,-13,0.316,-13,0.375,
7/30/2013 9:00 PM,-13,0.315,-13,0.375,
7/30/2013 10:00 PM,-13,0.314,-13,0.374,
7/30/2013 11:00 PM,-13,0.313,-13,0.373,
7/31/2013 12:00 AM,-13,0.312,-13,0.373,
7/31/2013 1:00 AM,-13,0.310,-13,0.372,
7/31/2013 2:00 AM,-13,0.310,-13,0.372,
7/31/2013 3:00 AM,-13,0.308,-13,0.372,
7/31/2013 4:00 AM,-13,0.307,-13,0.371,
7/31/2013 5:00 AM,-13,0.306,-13,0.370,
7/31/2013 6:00 AM,-13,0.305,-13,0.369,
7/31/2013 7:00 AM,-13,0.304,-13,0.368,
7/31/2013 8:00 AM,-13,0.304,-13,0.368,
7/31/2013 9:00 AM,-13,0.303,-13,0.367,
7/31/2013 10:00 AM,-13,0.299,-13,0.366,
7/31/2013 11:00 AM,-13,0.294,-13,0.366,
7/31/2013 12:00 PM,-13,0.287,-14,0.364,
7/31/2013 1:00 PM,-13,0.278,-14,0.362,
7/31/2013 2:00 PM,-13,0.270,-14,0.360,
7/31/2013 3:00 PM,-13,0.259,-14,0.357,
7/31/2013 4:00 PM,-13,0.248,-15,0.355,
7/31/2013 5:00 PM,-13,0.239,-15,0.353,
7/31/2013 6:00 PM,-13,0.232,-15,0.351,
7/31/2013 7:00 PM,-13,0.228,-16,0.350,
7/31/2013 8:00 PM,-13,0.225,-16,0.349,
7/31/2013 9:00 PM,-13,0.224,-16,0.348,
7/31/2013 10:00 PM,-13,0.222,-16,0.348,
7/31/2013 11:00 PM,-14,0.221,-16,0.347,
8/1/2013 12:00 AM,-14,0.220,-17,0.346,
8/1/2013 1:00 AM,-14,0.219,-17,0.344,
8/1/2013 2:00 AM,-14,0.218,-17,0.344,
8/1/2013 3:00 AM,-14,0.217,-17,0.343,
8/1/2013 4:00 AM,-14,0.216,-17,0.343,
8/1/2013 5:00 AM,-14,0.215,-17,0.341,
8/1/2013 6:00 AM,-14,0.214,-17,0.341,
8/1/2013 7:00 AM,-14,0.213,-18,0.340,
8/1/2013 8:00 AM,-14,0.213,-18,0.339,
8/1/2013 9:00 AM,-14,0.212,-18,0.338,
8/1/2013 10:00 AM,-14,0.210,-18,0.338,
8/1/2013 11:00 AM,-14,0.206,-18,0.337,
8/1/2013 12:00 PM,-14,0.200,-18,0.335,
8/1/2013 1:00 PM,-14,0.195,-19,0.333,
8/1/2013 2:00 PM,-14,0.190,-20,0.331,
8/1/2013 3:00 PM,-14,0.185,-20,0.328,
8/1/2013 4:00 PM,-14,0.182,-21,0.325,
8/1/2013 5:00 PM,-15,0.180,-22,0.322,
8/1/2013 6:00 PM,-15,0.179,-23,0.320,
8/1/2013 7:00 PM,-15,0.176,-24,0.318,
8/1/2013 8:00 PM,-15,0.176,-24,0.316,
8/1/2013 9:00 PM,-15,0.175,-25,0.315,
8/1/2013 10:00 PM,-15,0.174,-26,0.314,
8/1/2013 11:00 PM,-15,0.174,-26,0.313,
8/2/2013 12:00 AM,-15,0.173,-26,0.312,
8/2/2013 1:00 AM,-16,0.173,-27,0.310,
8/2/2013 2:00 AM,-16,0.173,-27,0.310,
8/2/2013 3:00 AM,-16,0.171,-27,0.309,
8/2/2013 4:00 AM,-16,0.171,-28,0.307,
8/2/2013 5:00 AM,-16,0.171,-28,0.306,
8/2/2013 6:00 AM,-16,0.170,-28,0.305,
8/2/2013 7:00 AM,-16,0.169,-29,0.304,
8/2/2013 8:00 AM,-16,0.169,-29,0.304,
8/2/2013 9:00 AM,-16,0.169,-29,0.302,
8/2/2013 10:00 AM,-16,0.168,-29,0.301,
8/2/2013 11:00 AM,-16,0.167,-30,0.298,
8/2/2013 12:00 PM,-16,0.165,-31,0.296,
8/2/2013 1:00 PM,-17,0.164,-32,0.293,
8/2/2013 2:00 PM,-17,0.162,-33,0.289,
8/2/2013 3:00 PM,-17,0.162,-34,0.286,
8/2/2013 4:00 PM,-17,0.162,-35,0.282,
8/2/2013 5:00 PM,-17,0.162,-36,0.279,
8/2/2013 6:00 PM,-18,0.161,-37,0.275,
8/2/2013 7:00 PM,-18,0.161,-38,0.274,
8/2/2013 8:00 PM,-18,0.161,-39,0.273,
8/2/2013 9:00 PM,-18,0.160,-39,0.271,
8/2/2013 10:00 PM,-19,0.159,-40,0.270,
8/2/2013 11:00 PM,-19,0.159,-40,0.270,
8/3/2013 12:00 AM,-19,0.159,-40,0.268,
8/3/2013 1:00 AM,-19,0.158,-41,0.267,
8/3/2013 2:00 AM,-19,0.157,-41,0.266,
8/3/2013 3:00 AM,-19,0.157,-41,0.265,
8/3/2013 4:00 AM,-19,0.157,-41,0.264,
8/3/2013 5:00 AM,-19,0.157,-42,0.263,
8/3/2013 6:00 AM,-20,0.156,-42,0.263,
8/3/2013 7:00 AM,-20,0.156,-42,0.261,
8/3/2013 8:00 AM,-20,0.156,-43,0.261,
8/3/2013 9:00 AM,-20,0.156,-43,0.259,
8/3/2013 10:00 AM,-20,0.155,-43,0.258,
8/3/2013 11:00 AM,-20,0.154,-44,0.255,
8/3/2013 12:00 PM,-21,0.154,-45,0.252,
8/3/2013 1:00 PM,-21,0.154,-46,0.250,
8/3/2013 2:00 PM,-22,0.155,-47,0.247,
8/3/2013 3:00 PM,-22,0.154,-48,0.243,
8/3/2013 4:00 PM,-23,0.154,-49,0.238,
8/3/2013 5:00 PM,-24,0.154,-51,0.235,
8/3/2013 6:00 PM,-24,0.154,-52,0.231,
8/3/2013 7:00 PM,-25,0.154,-53,0.230,
8/3/2013 8:00 PM,-25,0.154,-54,0.228,
8/3/2013 9:00 PM,-26,0.153,-55,0.227,
8/3/2013 10:00 PM,-26,0.152,-56,0.226,
8/3/2013 11:00 PM,-27,0.152,-56,0.225,
8/4/2013 12:00 AM,-27,0.152,-57,0.225,
8/4/2013 1:00 AM,-27,0.152,-57,0.224,
8/4/2013 2:00 AM,-27,0.151,-57,0.224,
8/4/2013 3:00 AM,-27,0.151,-58,0.222,
8/4/2013 4:00 AM,-28,0.151,-58,0.222,
8/4/2013 5:00 AM,-28,0.151,-58,0.221,
8/4/2013 6:00 AM,-28,0.151,-59,0.220,
8/4/2013 7:00 AM,-28,0.151,-59,0.219,
8/4/2013 8:00 AM,-28,0.151,-59,0.219,
8/4/2013 9:00 AM,-29,0.150,-60,0.219,
8/4/2013 10:00 AM,-29,0.150,-60,0.217,
8/4/2013 11:00 AM,-29,0.149,-60,0.215,
8/4/2013 12:00 PM,-30,0.149,-62,0.213,
8/4/2013 1:00 PM,-31,0.149,-63,0.210,
8/4/2013 2:00 PM,-31,0.149,-64,0.207,
8/4/2013 3:00 PM,-32,0.150,-66,0.205,
8/4/2013 4:00 PM,-33,0.149,-67,0.202,
8/4/2013 5:00 PM,-34,0.149,-68,0.202,
8/4/2013 6:00 PM,-34,0.150,-69,0.200,
8/4/2013 7:00 PM,-35,0.149,-71,0.198,
8/4/2013 8:00 PM,-36,0.149,-72,0.198,
8/4/2013 9:00 PM,-37,0.149,-73,0.196,
8/4/2013 10:00 PM,-37,0.149,-74,0.196,
8/4/2013 11:00 PM,-38,0.148,-76,0.196,
8/5/2013 12:00 AM,-38,0.147,-76,0.196,
8/5/2013 1:00 AM,-38,0.147,-77,0.195,
8/5/2013 2:00 AM,-38,0.147,-77,0.195,
8/5/2013 3:00 AM,-39,0.147,-77,0.195,
8/5/2013 4:00 AM,-39,0.147,-78,0.194,
8/5/2013 5:00 AM,-39,0.146,-79,0.193,
8/5/2013 6:00 AM,-39,0.146,-80,0.193,
8/5/2013 7:00 AM,-40,0.146,-80,0.193,
8/5/2013 8:00 AM,-40,0.145,-81,0.191,
8/5/2013 9:00 AM,-40,0.145,-82,0.191,
8/5/2013 10:00 AM,-40,0.145,-82,0.191,
8/5/2013 11:00 AM,-41,0.145,-83,0.190,
8/5/2013 12:00 PM,-41,0.144,-84,0.189,
8/5/2013 1:00 PM,-42,0.145,-85,0.187,
8/5/2013 2:00 PM,-43,0.145,-86,0.185,
8/5/2013 3:00 PM,-45,0.145,-87,0.184,
8/5/2013 4:00 PM,-45,0.146,-88,0.183,
8/5/2013 5:00 PM,-46,0.146,-90,0.182,
8/5/2013 6:00 PM,-46,0.145,-90,0.181,
8/5/2013 7:00 PM,-47,0.145,-92,0.181,
8/5/2013 8:00 PM,-48,0.145,-94,0.180,
8/5/2013 9:00 PM,-49,0.145,-96,0.180,
8/5/2013 10:00 PM,-50,0.145,-97,0.179,
8/5/2013 11:00 PM,-51,0.144,-99,0.179,
8/6/2013 12:00 AM,-51,0.144,-100,0.179,
8/6/2013 1:00 AM,-51,0.144,-100,0.179,
8/6/2013 2:00 AM,-51,0.144,-101,0.179,
8/6/2013 3:00 AM,-52,0.143,-102,0.178,
8/6/2013 4:00 AM,-52,0.143,-104,0.178,
8/6/2013 5:00 AM,-52,0.142,-105,0.178,
8/6/2013 6:00 AM,-53,0.142,-105,0.178,
8/6/2013 7:00 AM,-53,0.142,-105,0.178,
8/6/2013 8:00 AM,-53,0.142,-107,0.177,
8/6/2013 9:00 AM,-53,0.142,-107,0.177,
8/6/2013 10:00 AM,-53,0.141,-108,0.176,
8/6/2013 11:00 AM,-54,0.141,-108,0.176,
8/6/2013 12:00 PM,-55,0.141,-109,0.174,
8/6/2013 1:00 PM,-56,0.141,-110,0.174,
8/6/2013 2:00 PM,-57,0.142,-111,0.173,
8/6/2013 3:00 PM,-59,0.142,-111,0.171,
8/6/2013 4:00 PM,-59,0.142,-112,0.170,
8/6/2013 5:00 PM,-61,0.143,-113,0.169,
8/6/2013 6:00 PM,-62,0.143,-115,0.169,
8/6/2013 7:00 PM,-64,0.143,-115,0.169,
8/6/2013 8:00 PM,-65,0.142,-117,0.169,
8/6/2013 9:00 PM,-66,0.142,-118,0.169,
8/6/2013 10:00 PM,-66,0.142,-119,0.168,
8/6/2013 11:00 PM,-67,0.142,-121,0.168,
8/7/2013 12:00 AM,-68,0.141,-122,0.168,
8/7/2013 1:00 AM,-68,0.140,-125,0.168,
8/7/2013 2:00 AM,-69,0.140,-125,0.168,
8/7/2013 3:00 AM,-69,0.140,-126,0.168,
8/7/2013 4:00 AM,-69,0.140,-127,0.168,
8/7/2013 5:00 AM,-70,0.140,-128,0.168,
8/7/2013 6:00 AM,-70,0.140,-128,0.167,
8/7/2013 7:00 AM,-71,0.140,-129,0.167,
8/7/2013 8:00 AM,-71,0.140,-131,0.166,
8/7/2013 9:00 AM,-72,0.139,-132,0.166,
8/7/2013 10:00 AM,-73,0.139,-132,0.166,
8/7/2013 11:00 AM,-74,0.139,-132,0.166,
8/7/2013 12:00 PM,-75,0.139,-132,0.165,
8/7/2013 1:00 PM,-77,0.139,-133,0.164,
8/7/2013 2:00 PM,-78,0.140,-133,0.164,
8/7/2013 3:00 PM,-79,0.140,-133,0.163,
8/7/2013 4:00 PM,-80,0.140,-135,0.162,
8/7/2013 5:00 PM,-82,0.140,-136,0.162,
8/7/2013 6:00 PM,-84,0.140,-136,0.162,
8/7/2013 7:00 PM,-86,0.140,-137,0.162,
8/7/2013 8:00 PM,-88,0.140,-138,0.162,
8/7/2013 9:00 PM,-89,0.140,-140,0.162,
8/7/2013 10:00 PM,-90,0.140,-142,0.162,
8/7/2013 11:00 PM,-91,0.140,-143,0.162,
8/8/2013 12:00 AM,-93,0.139,-145,0.161,
8/8/2013 1:00 AM,-93,0.139,-147,0.161,
8/8/2013 2:00 AM,-93,0.139,-147,0.161,
8/8/2013 3:00 AM,-94,0.138,-148,0.161,
8/8/2013 4:00 AM,-95,0.137,-151,0.161,
8/8/2013 5:00 AM,-96,0.137,-151,0.161,
8/8/2013 6:00 AM,-96,0.137,-152,0.160,
8/8/2013 7:00 AM,-96,0.137,-153,0.160,
8/8/2013 8:00 AM,-97,0.137,-155,0.159,
8/8/2013 9:00 AM,-98,0.136,-156,0.159,
8/8/2013 10:00 AM,-98,0.136,-156,0.159,
8/8/2013 11:00 AM,-99,0.136,-156,0.159,
8/8/2013 12:00 PM,-100,0.136,-155,0.159,
8/8/2013 1:00 PM,-101,0.137,-155,0.158,
8/8/2013 2:00 PM,-103,0.137,-156,0.157,
8/8/2013 3:00 PM,-105,0.139,-156,0.157,
8/8/2013 4:00 PM,-106,0.139,-156,0.157,
8/8/2013 5:00 PM,-107,0.140,-157,0.156,
8/8/2013 6:00 PM,-108,0.140,-155,0.157,
8/8/2013 7:00 PM,-110,0.140,-156,0.157,
8/8/2013 8:00 PM,-113,0.140,-157,0.157,
8/8/2013 9:00 PM,-115,0.139,-160,0.157,
8/8/2013 10:00 PM,-116,0.139,-160,0.157,
8/8/2013 11:00 PM,-118,0.138,-162,0.157,
8/9/2013 12:00 AM,-119,0.137,-163,0.157,
8/9/2013 1:00 AM,-120,0.137,-166,0.157,
8/9/2013 2:00 AM,-122,0.137,-166,0.157,
8/9/2013 3:00 AM,-124,0.137,-169,0.156,
8/9/2013 4:00 AM,-126,0.136,-170,0.156,
8/9/2013 5:00 AM,-126,0.135,-172,0.156,
8/9/2013 6:00 AM,-127,0.135,-172,0.156,
8/9/2013 7:00 AM,-129,0.135,-173,0.156,
8/9/2013 8:00 AM,-130,0.134,-175,0.156,
8/9/2013 9:00 AM,-130,0.134,-175,0.155,
8/9/2013 10:00 AM,-130,0.134,-173,0.155,
8/9/2013 11:00 AM,-132,0.134,-173,0.154,
8/9/2013 12:00 PM,-132,0.134,-173,0.154,
8/9/2013 1:00 PM,-133,0.135,-173,0.154,
8/9/2013 2:00 PM,-135,0.136,-172,0.154,
8/9/2013 3:00 PM,-136,0.137,-173,0.153,
8/9/2013 4:00 PM,-137,0.137,-175,0.154,
8/9/2013 5:00 PM,-138,0.137,-173,0.154,
8/9/2013 6:00 PM,-139,0.137,-175,0.154,
8/9/2013 7:00 PM,-140,0.137,-173,0.154,
8/9/2013 8:00 PM,-142,0.137,-175,0.154,
8/9/2013 9:00 PM,-143,0.137,-177,0.154,
8/9/2013 10:00 PM,-144,0.136,-177,0.154,
8/9/2013 11:00 PM,-145,0.136,-178,0.154,
8/10/2013 12:00 AM,-145,0.135,-178,0.153,
8/10/2013 1:00 AM,-148,0.135,-180,0.153,
8/10/2013 2:00 AM,-148,0.135,-180,0.153,
8/10/2013 3:00 AM,-149,0.135,-181,0.153,
8/10/2013 4:00 AM,-151,0.135,-183,0.152,
8/10/2013 5:00 AM,-152,0.134,-185,0.152,
8/10/2013 6:00 AM,-155,0.134,-185,0.152,
8/10/2013 7:00 AM,-156,0.134,-186,0.152,
8/10/2013 8:00 AM,-157,0.134,-188,0.152,
8/10/2013 9:00 AM,-157,0.134,-188,0.152,
8/10/2013 10:00 AM,-159,0.134,-190,0.152,
8/10/2013 11:00 AM,-159,0.134,-188,0.152,
8/10/2013 12:00 PM,-160,0.134,-188,0.151,
8/10/2013 1:00 PM,-160,0.134,-186,0.151,
8/10/2013 2:00 PM,-162,0.134,-186,0.151,
8/10/2013 3:00 PM,-163,0.135,-186,0.151,
8/10/2013 4:00 PM,-162,0.135,-186,0.151,
8/10/2013 5:00 PM,-162,0.136,-188,0.151,
8/10/2013 6:00 PM,-159,0.137,-186,0.151,
8/10/2013 7:00 PM,-164,0.136,-188,0.151,
8/10/2013 8:00 PM,-166,0.136,-190,0.151,
8/10/2013 9:00 PM,-166,0.135,-192,0.151,
8/10/2013 10:00 PM,-167,0.135,-192,0.151,
8/10/2013 11:00 PM,-169,0.135,-193,0.151,
8/11/2013 12:00 AM,-169,0.135,-193,0.151,
8/11/2013 1:00 AM,-170,0.134,-195,0.151,
8/11/2013 2:00 AM,-170,0.134,-195,0.151,
8/11/2013 3:00 AM,-172,0.134,-197,0.151,
8/11/2013 4:00 AM,-173,0.134,-197,0.151,
8/11/2013 5:00 AM,-175,0.134,-197,0.151,
8/11/2013 6:00 AM,-177,0.134,-201,0.151,
8/11/2013 7:00 AM,-178,0.133,-201,0.151,
8/11/2013 8:00 AM,-180,0.133,-201,0.150,
8/11/2013 9:00 AM,-181,0.133,-202,0.150,
8/11/2013 10:00 AM,-181,0.132,-202,0.150,
8/11/2013 11:00 AM,-183,0.132,-202,0.150,
8/11/2013 12:00 PM,-185,0.132,-201,0.149,
8/11/2013 1:00 PM,-183,0.132,-199,0.149,
8/11/2013 2:00 PM,-185,0.132,-199,0.149,
8/11/2013 3:00 PM,-183,0.133,-199,0.149,
8/11/2013 4:00 PM,-185,0.133,-199,0.149,
8/11/2013 5:00 PM,-185,0.133,-197,0.149,
8/11/2013 6:00 PM,-186,0.134,-197,0.148,
8/11/2013 7:00 PM,-188,0.134,-199,0.148,
8/11/2013 8:00 PM,-190,0.134,-199,0.148,
8/11/2013 9:00 PM,-190,0.134,-199,0.148,
8/11/2013 10:00 PM,-193,0.133,-201,0.148,
8/11/2013 11:00 PM,-193,0.133,-201,0.148,
8/12/2013 12:00 AM,-193,0.133,-201,0.148,
8/12/2013 1:00 AM,-195,0.133,-201,0.148,
8/12/2013 2:00 AM,-197,0.132,-202,0.147,
8/12/2013 3:00 AM,-197,0.132,-202,0.147,
8/12/2013 4:00 AM,-201,0.132,-202,0.147,
8/12/2013 5:00 AM,-202,0.131,-204,0.147,
8/12/2013 6:00 AM,-202,0.131,-204,0.147,
8/12/2013 7:00 AM,-206,0.131,-206,0.147,
8/12/2013 8:00 AM,-208,0.131,-206,0.147,
8/12/2013 9:00 AM,-208,0.130,-206,0.147,
8/12/2013 10:00 AM,-210,0.130,-204,0.147,
8/12/2013 11:00 AM,-210,0.130,-202,0.147,
8/12/2013 12:00 PM,-212,0.130,-202,0.146,
