Measurement Time,kPa Potential,m続/m続 VWC,m続/m続 VWC,kPa Potential,None
25 Jun 2013 10:00 AM,-212,0.120,0.169,-25,
25 Jun 2013 11:00 AM,-214,0.120,0.169,-124,
25 Jun 2013 12:00 PM,-218,0.121,-0.133,#N/A,
25 Jun 2013 1:00 PM,-222,0.121,#N/A,#N/A,
25 Jun 2013 2:00 PM,-226,0.122,#N/A,-55,
25 Jun 2013 3:00 PM,-230,0.123,#N/A,-26,
25 Jun 2013 4:00 PM,-235,0.123,#N/A,-27,
25 Jun 2013 5:00 PM,-237,0.123,#N/A,-27,
25 Jun 2013 6:00 PM,-239,0.123,#N/A,-28,
25 Jun 2013 7:00 PM,-246,0.123,#N/A,-28,
25 Jun 2013 8:00 PM,-246,0.123,#N/A,-29,
25 Jun 2013 9:00 PM,-248,0.123,#N/A,-29,
25 Jun 2013 10:00 PM,-248,0.122,#N/A,-30,
25 Jun 2013 11:00 PM,-248,0.122,#N/A,-31,
26 Jun 2013 12:00 AM,-248,0.121,#N/A,-31,
26 Jun 2013 1:00 AM,-248,0.120,#N/A,-32,
26 Jun 2013 2:00 AM,-248,0.120,#N/A,-33,
26 Jun 2013 3:00 AM,-248,0.119,#N/A,-34,
26 Jun 2013 4:00 AM,-248,0.119,#N/A,-35,
26 Jun 2013 5:00 AM,-248,0.118,#N/A,-36,
26 Jun 2013 6:00 AM,-246,0.118,#N/A,-37,
26 Jun 2013 7:00 AM,-246,0.117,#N/A,-37,
26 Jun 2013 8:00 AM,-246,0.117,#N/A,-38,
26 Jun 2013 9:00 AM,-248,0.117,#N/A,-39,
26 Jun 2013 10:00 AM,-248,0.117,#N/A,-40,
26 Jun 2013 11:00 AM,-253,0.117,#N/A,-41,
26 Jun 2013 12:00 PM,-256,0.117,#N/A,-42,
26 Jun 2013 1:00 PM,-261,0.116,#N/A,-43,
26 Jun 2013 2:00 PM,-263,0.117,#N/A,-43,
26 Jun 2013 3:00 PM,-266,0.117,#N/A,-44,
26 Jun 2013 4:00 PM,-271,0.118,#N/A,-44,
26 Jun 2013 5:00 PM,-273,0.118,#N/A,-45,
26 Jun 2013 6:00 PM,-279,0.118,#N/A,-46,
26 Jun 2013 7:00 PM,-281,0.118,#N/A,-46,
26 Jun 2013 8:00 PM,-287,0.118,#N/A,-47,
26 Jun 2013 9:00 PM,-287,0.117,#N/A,-48,
26 Jun 2013 10:00 PM,-290,0.117,#N/A,-49,
26 Jun 2013 11:00 PM,-292,0.117,#N/A,-51,
27 Jun 2013 12:00 AM,-292,0.116,#N/A,-52,
27 Jun 2013 1:00 AM,-292,0.116,#N/A,-52,
27 Jun 2013 2:00 AM,-292,0.115,#N/A,-53,
27 Jun 2013 3:00 AM,-295,0.114,#N/A,-54,
27 Jun 2013 4:00 AM,-295,0.114,#N/A,-55,
27 Jun 2013 5:00 AM,-295,0.113,#N/A,-56,
27 Jun 2013 6:00 AM,-298,0.113,#N/A,-57,
27 Jun 2013 7:00 AM,-298,0.112,#N/A,-57,
27 Jun 2013 8:00 AM,-301,0.112,#N/A,-58,
27 Jun 2013 9:00 AM,-298,0.111,#N/A,-59,
27 Jun 2013 10:00 AM,-301,0.111,#N/A,-60,
27 Jun 2013 11:00 AM,-304,0.111,#N/A,-60,
27 Jun 2013 12:00 PM,-307,0.111,#N/A,-61,
27 Jun 2013 1:00 PM,-310,0.111,#N/A,-61,
27 Jun 2013 2:00 PM,-310,0.111,#N/A,-62,
27 Jun 2013 3:00 PM,-316,0.111,#N/A,-62,
27 Jun 2013 4:00 PM,-319,0.112,#N/A,-63,
27 Jun 2013 5:00 PM,-322,0.112,#N/A,-63,
27 Jun 2013 6:00 PM,-329,0.111,#N/A,-26,
27 Jun 2013 7:00 PM,-329,0.111,#N/A,-17,
27 Jun 2013 8:00 PM,-329,0.111,#N/A,-17,
27 Jun 2013 9:00 PM,-332,0.110,#N/A,-17,
27 Jun 2013 10:00 PM,-332,0.110,#N/A,-17,
27 Jun 2013 11:00 PM,-335,0.110,#N/A,-17,
28 Jun 2013 12:00 AM,-335,0.109,#N/A,-17,
28 Jun 2013 1:00 AM,-338,0.109,#N/A,-18,
28 Jun 2013 2:00 AM,-338,0.108,#N/A,-18,
28 Jun 2013 3:00 AM,-342,0.108,#N/A,-19,
28 Jun 2013 4:00 AM,-342,0.107,#N/A,-19,
28 Jun 2013 5:00 AM,-345,0.107,#N/A,-20,
28 Jun 2013 6:00 AM,-345,0.107,#N/A,-21,
28 Jun 2013 7:00 AM,-349,0.106,#N/A,-21,
28 Jun 2013 8:00 AM,-345,0.106,#N/A,-22,
28 Jun 2013 9:00 AM,-349,0.106,#N/A,-23,
28 Jun 2013 10:00 AM,-349,0.106,#N/A,-24,
28 Jun 2013 11:00 AM,-356,0.106,#N/A,-24,
28 Jun 2013 12:00 PM,-356,0.106,#N/A,-25,
28 Jun 2013 1:00 PM,-356,0.107,#N/A,-25,
28 Jun 2013 2:00 PM,-359,0.108,#N/A,-26,
28 Jun 2013 3:00 PM,-363,0.109,#N/A,-26,
28 Jun 2013 4:00 PM,-363,0.110,#N/A,-27,
28 Jun 2013 5:00 PM,-366,0.111,#N/A,-28,
28 Jun 2013 6:00 PM,-366,0.111,#N/A,-28,
28 Jun 2013 7:00 PM,-366,0.111,#N/A,-29,
28 Jun 2013 8:00 PM,-374,0.111,#N/A,-30,
28 Jun 2013 9:00 PM,-374,0.111,#N/A,-31,
28 Jun 2013 10:00 PM,-378,0.111,#N/A,-32,
28 Jun 2013 11:00 PM,-374,0.111,#N/A,-33,
29 Jun 2013 12:00 AM,-378,0.110,#N/A,-35,
29 Jun 2013 1:00 AM,-378,0.109,#N/A,-36,
29 Jun 2013 2:00 AM,-381,0.109,#N/A,-37,
29 Jun 2013 3:00 AM,-381,0.108,#N/A,-38,
29 Jun 2013 4:00 AM,-381,0.108,#N/A,-39,
29 Jun 2013 5:00 AM,-385,0.107,#N/A,-41,
29 Jun 2013 6:00 AM,-385,0.107,#N/A,-41,
29 Jun 2013 7:00 AM,-389,0.107,#N/A,-43,
29 Jun 2013 8:00 AM,-389,0.106,#N/A,-44,
29 Jun 2013 9:00 AM,-389,0.106,#N/A,-46,
29 Jun 2013 10:00 AM,-389,0.106,#N/A,-47,
29 Jun 2013 11:00 AM,-389,0.106,#N/A,-48,
29 Jun 2013 12:00 PM,-389,0.106,#N/A,-48,
29 Jun 2013 1:00 PM,-389,0.106,#N/A,-49,
29 Jun 2013 2:00 PM,-393,0.107,#N/A,-50,
29 Jun 2013 3:00 PM,-393,0.108,#N/A,-51,
29 Jun 2013 4:00 PM,-393,0.109,#N/A,-52,
29 Jun 2013 5:00 PM,-393,0.110,#N/A,-52,
29 Jun 2013 6:00 PM,-397,0.110,#N/A,-53,
29 Jun 2013 7:00 PM,-397,0.110,#N/A,-54,
29 Jun 2013 8:00 PM,-401,0.107,#N/A,-55,
29 Jun 2013 9:00 PM,-401,0.109,#N/A,-56,
29 Jun 2013 10:00 PM,-405,0.109,#N/A,-57,
29 Jun 2013 11:00 PM,-405,0.109,#N/A,-59,
30 Jun 2013 12:00 AM,-405,0.109,#N/A,-59,
30 Jun 2013 1:00 AM,-409,0.108,#N/A,-61,
30 Jun 2013 2:00 AM,-409,0.108,#N/A,-62,
30 Jun 2013 3:00 AM,-413,0.107,#N/A,-63,
30 Jun 2013 4:00 AM,-413,0.107,#N/A,-64,
30 Jun 2013 5:00 AM,-413,0.106,#N/A,-64,
30 Jun 2013 6:00 AM,-413,0.106,#N/A,-66,
30 Jun 2013 7:00 AM,-418,0.105,#N/A,-66,
30 Jun 2013 8:00 AM,-418,0.105,#N/A,-67,
30 Jun 2013 9:00 AM,-418,0.105,#N/A,-67,
30 Jun 2013 10:00 AM,-422,0.105,#N/A,-68,
30 Jun 2013 11:00 AM,-422,0.105,#N/A,-69,
30 Jun 2013 12:00 PM,-422,0.105,#N/A,-70,
30 Jun 2013 1:00 PM,-426,0.105,#N/A,-70,
30 Jun 2013 2:00 PM,-426,0.105,#N/A,-71,
30 Jun 2013 3:00 PM,-426,0.105,#N/A,-71,
30 Jun 2013 4:00 PM,-426,0.105,#N/A,-72,
30 Jun 2013 5:00 PM,-426,0.105,#N/A,-72,
30 Jun 2013 6:00 PM,-426,0.105,#N/A,-72,
30 Jun 2013 7:00 PM,-431,0.105,#N/A,-73,
30 Jun 2013 8:00 PM,-431,0.105,#N/A,-74,
30 Jun 2013 9:00 PM,-435,0.105,#N/A,-74,
30 Jun 2013 10:00 PM,-435,0.105,#N/A,-76,
30 Jun 2013 11:00 PM,-435,0.104,#N/A,-76,
1 Jul 2013 12:00 AM,-439,0.104,#N/A,-77,
1 Jul 2013 1:00 AM,-439,0.104,#N/A,-78,
1 Jul 2013 2:00 AM,-444,0.103,#N/A,-78,
1 Jul 2013 3:00 AM,-439,0.102,#N/A,-78,
1 Jul 2013 4:00 AM,-444,0.102,#N/A,-80,
1 Jul 2013 5:00 AM,-448,0.102,#N/A,-80,
1 Jul 2013 6:00 AM,-444,0.101,#N/A,-81,
1 Jul 2013 7:00 AM,-448,0.101,#N/A,-82,
1 Jul 2013 8:00 AM,-453,0.100,#N/A,-82,
1 Jul 2013 9:00 AM,-453,0.100,#N/A,-82,
1 Jul 2013 10:00 AM,-458,0.100,#N/A,-83,
1 Jul 2013 11:00 AM,-453,0.100,#N/A,-83,
1 Jul 2013 12:00 PM,-458,0.100,#N/A,-84,
1 Jul 2013 1:00 PM,-458,0.100,#N/A,-85,
1 Jul 2013 2:00 PM,-462,0.100,#N/A,-86,
1 Jul 2013 3:00 PM,-462,0.099,#N/A,-86,
1 Jul 2013 4:00 PM,-462,0.099,#N/A,-86,
1 Jul 2013 5:00 PM,-467,0.099,#N/A,-87,
1 Jul 2013 6:00 PM,-462,0.099,#N/A,-87,
1 Jul 2013 7:00 PM,-462,0.099,#N/A,-88,
1 Jul 2013 8:00 PM,-467,0.100,#N/A,-88,
1 Jul 2013 9:00 PM,-467,0.100,#N/A,-89,
1 Jul 2013 10:00 PM,-472,0.099,#N/A,-90,
1 Jul 2013 11:00 PM,-467,0.099,#N/A,-89,
2 Jul 2013 12:00 AM,-467,0.099,#N/A,-90,
2 Jul 2013 1:00 AM,-472,0.098,#N/A,-90,
2 Jul 2013 2:00 AM,-472,0.098,#N/A,-91,
2 Jul 2013 3:00 AM,-477,0.097,#N/A,-92,
2 Jul 2013 4:00 AM,-477,0.097,#N/A,-92,
2 Jul 2013 5:00 AM,-472,0.097,-0.086,-92,
2 Jul 2013 6:00 AM,-477,0.096,0.156,-93,
2 Jul 2013 7:00 AM,-477,0.096,0.156,-93,
2 Jul 2013 8:00 AM,-477,0.095,0.156,-93,
2 Jul 2013 9:00 AM,-477,0.095,0.155,-93,
2 Jul 2013 10:00 AM,-477,0.095,0.154,-94,
2 Jul 2013 11:00 AM,-482,0.095,0.153,-95,
2 Jul 2013 12:00 PM,-482,0.095,0.152,-95,
2 Jul 2013 1:00 PM,-482,0.095,0.151,-95,
2 Jul 2013 2:00 PM,-487,0.096,0.151,-95,
2 Jul 2013 3:00 PM,-482,0.097,0.151,-95,
2 Jul 2013 4:00 PM,-487,0.097,0.149,-96,
2 Jul 2013 5:00 PM,-487,0.097,0.149,-96,
2 Jul 2013 6:00 PM,-487,0.097,0.148,-96,
2 Jul 2013 7:00 PM,-482,0.098,0.147,-96,
2 Jul 2013 8:00 PM,-487,0.098,0.147,-97,
2 Jul 2013 9:00 PM,-487,0.097,0.147,-98,
2 Jul 2013 10:00 PM,-487,0.097,0.147,-98,
2 Jul 2013 11:00 PM,-492,0.097,0.147,-99,
3 Jul 2013 12:00 AM,-487,0.097,0.147,-99,
3 Jul 2013 1:00 AM,-492,0.096,0.147,-100,
3 Jul 2013 2:00 AM,-492,0.096,0.147,-100,
3 Jul 2013 3:00 AM,-492,0.095,0.147,-100,
3 Jul 2013 4:00 AM,-492,0.095,0.147,-100,
3 Jul 2013 5:00 AM,-492,0.095,0.147,-100,
3 Jul 2013 6:00 AM,-492,0.094,0.147,-100,
3 Jul 2013 7:00 AM,-497,0.094,0.147,-101,
3 Jul 2013 8:00 AM,-497,0.094,0.147,-101,
3 Jul 2013 9:00 AM,-497,0.094,0.146,-101,
3 Jul 2013 10:00 AM,-497,0.094,0.145,-102,
3 Jul 2013 11:00 AM,-497,0.094,0.145,-102,
3 Jul 2013 12:00 PM,-497,0.094,0.144,-103,
3 Jul 2013 1:00 PM,-497,0.094,0.143,-103,
3 Jul 2013 2:00 PM,-502,0.095,0.142,-103,
3 Jul 2013 3:00 PM,-502,0.095,0.141,-103,
3 Jul 2013 4:00 PM,-497,0.095,0.140,-103,
3 Jul 2013 5:00 PM,-497,0.096,0.140,-103,
3 Jul 2013 6:00 PM,-502,0.096,0.138,-104,
3 Jul 2013 7:00 PM,-502,0.096,0.135,-105,
3 Jul 2013 8:00 PM,-502,0.096,0.135,-105,
3 Jul 2013 9:00 PM,-508,0.096,0.136,-106,
3 Jul 2013 10:00 PM,-502,0.096,0.136,-107,
3 Jul 2013 11:00 PM,-508,0.095,0.137,-107,
4 Jul 2013 12:00 AM,-508,0.095,0.139,-107,
4 Jul 2013 1:00 AM,-508,0.095,0.139,-108,
4 Jul 2013 2:00 AM,-513,0.094,0.139,-108,
4 Jul 2013 3:00 AM,-508,0.094,0.139,-108,
4 Jul 2013 4:00 AM,-508,0.094,0.139,-109,
4 Jul 2013 5:00 AM,-513,0.094,0.139,-108,
4 Jul 2013 6:00 AM,-513,0.094,0.139,-109,
4 Jul 2013 7:00 AM,-513,0.093,0.139,-110,
4 Jul 2013 8:00 AM,-518,0.093,0.139,-110,
4 Jul 2013 9:00 AM,-518,0.093,0.138,-111,
4 Jul 2013 10:00 AM,-518,0.092,0.138,-111,
4 Jul 2013 11:00 AM,-513,0.092,0.137,-110,
4 Jul 2013 12:00 PM,-518,0.092,0.136,-111,
4 Jul 2013 1:00 PM,-518,0.092,0.135,-111,
4 Jul 2013 2:00 PM,-524,0.093,0.134,-111,
4 Jul 2013 3:00 PM,-524,0.094,0.134,-111,
4 Jul 2013 4:00 PM,-524,0.094,0.134,-111,
4 Jul 2013 5:00 PM,-524,0.095,0.133,-111,
4 Jul 2013 6:00 PM,-524,0.095,0.133,-111,
4 Jul 2013 7:00 PM,-524,0.095,0.133,-112,
4 Jul 2013 8:00 PM,-524,0.095,0.133,-113,
4 Jul 2013 9:00 PM,-524,0.095,0.133,-114,
4 Jul 2013 10:00 PM,-524,0.095,0.133,-115,
4 Jul 2013 11:00 PM,-529,0.094,0.133,-115,
5 Jul 2013 12:00 AM,-529,0.094,0.133,-115,
5 Jul 2013 1:00 AM,-529,0.094,0.133,-115,
5 Jul 2013 2:00 AM,-529,0.094,0.133,-116,
5 Jul 2013 3:00 AM,-529,0.093,0.133,-116,
5 Jul 2013 4:00 AM,-529,0.093,0.133,-116,
5 Jul 2013 5:00 AM,-529,0.093,0.133,-117,
5 Jul 2013 6:00 AM,-529,0.092,0.132,-117,
5 Jul 2013 7:00 AM,-529,0.092,0.132,-118,
5 Jul 2013 8:00 AM,-535,0.091,0.132,-118,
5 Jul 2013 9:00 AM,-540,0.091,0.132,-119,
5 Jul 2013 10:00 AM,-540,0.091,0.132,-119,
5 Jul 2013 11:00 AM,-535,0.091,0.131,-119,
5 Jul 2013 12:00 PM,-540,0.091,0.130,-118,
5 Jul 2013 1:00 PM,-535,0.091,0.129,-118,
5 Jul 2013 2:00 PM,-535,0.092,0.129,-118,
5 Jul 2013 3:00 PM,-540,0.093,0.128,-118,
5 Jul 2013 4:00 PM,-540,0.094,0.128,-118,
5 Jul 2013 5:00 PM,-540,0.094,0.128,-118,
5 Jul 2013 6:00 PM,-540,0.094,0.128,-119,
5 Jul 2013 7:00 PM,-540,0.094,0.128,-119,
5 Jul 2013 8:00 PM,-540,0.094,0.128,-120,
5 Jul 2013 9:00 PM,-546,0.094,0.128,-120,
5 Jul 2013 10:00 PM,-546,0.094,0.128,-121,
5 Jul 2013 11:00 PM,-546,0.094,0.128,-122,
6 Jul 2013 12:00 AM,-546,0.093,0.128,-124,
6 Jul 2013 1:00 AM,-552,0.093,0.128,-125,
6 Jul 2013 2:00 AM,-546,0.092,0.128,-125,
6 Jul 2013 3:00 AM,-546,0.092,0.128,-125,
6 Jul 2013 4:00 AM,-552,0.091,0.128,-126,
6 Jul 2013 5:00 AM,-552,0.091,0.128,-126,
6 Jul 2013 6:00 AM,-552,0.091,0.127,-126,
6 Jul 2013 7:00 AM,-552,0.090,0.127,-127,
6 Jul 2013 8:00 AM,-552,0.090,0.127,-127,
6 Jul 2013 9:00 AM,-558,0.090,0.127,-127,
6 Jul 2013 10:00 AM,-552,0.090,0.127,-127,
6 Jul 2013 11:00 AM,-552,0.089,0.126,-127,
6 Jul 2013 12:00 PM,-552,0.090,0.125,-127,
6 Jul 2013 1:00 PM,-558,0.090,0.125,-126,
6 Jul 2013 2:00 PM,-558,0.090,0.125,-127,
6 Jul 2013 3:00 PM,-558,0.091,0.124,-127,
6 Jul 2013 4:00 PM,-558,0.092,0.125,-126,
6 Jul 2013 5:00 PM,-558,0.093,0.126,-125,
6 Jul 2013 6:00 PM,-558,0.093,0.125,-126,
6 Jul 2013 7:00 PM,-558,0.093,0.125,-126,
6 Jul 2013 8:00 PM,-563,0.093,0.125,-127,
6 Jul 2013 9:00 PM,-563,0.093,0.125,-128,
6 Jul 2013 10:00 PM,-563,0.093,0.125,-129,
6 Jul 2013 11:00 PM,-563,0.092,0.125,-130,
7 Jul 2013 12:00 AM,-569,0.092,0.125,-131,
7 Jul 2013 1:00 AM,-563,0.091,0.125,-131,
7 Jul 2013 2:00 AM,-563,0.091,0.125,-132,
7 Jul 2013 3:00 AM,-569,0.090,0.125,-133,
7 Jul 2013 4:00 AM,-563,0.090,0.125,-133,
7 Jul 2013 5:00 AM,-569,0.090,0.124,-135,
7 Jul 2013 6:00 AM,-569,0.089,0.124,-135,
7 Jul 2013 7:00 AM,-575,0.089,0.124,-136,
7 Jul 2013 8:00 AM,-575,0.089,0.124,-137,
7 Jul 2013 9:00 AM,-575,0.089,0.124,-136,
7 Jul 2013 10:00 AM,-569,0.089,0.123,-136,
7 Jul 2013 11:00 AM,-575,0.089,0.123,-136,
7 Jul 2013 12:00 PM,-575,0.089,0.123,-135,
7 Jul 2013 1:00 PM,-575,0.089,0.123,-135,
7 Jul 2013 2:00 PM,-575,0.089,0.122,-135,
7 Jul 2013 3:00 PM,-575,0.090,0.122,-135,
7 Jul 2013 4:00 PM,-569,0.090,0.122,-133,
7 Jul 2013 5:00 PM,-569,0.091,0.123,-132,
7 Jul 2013 6:00 PM,-569,0.091,0.122,-133,
7 Jul 2013 7:00 PM,-575,0.092,0.122,-136,
7 Jul 2013 8:00 PM,-575,0.092,0.122,-137,
7 Jul 2013 9:00 PM,-575,0.091,0.123,-138,
7 Jul 2013 10:00 PM,-575,0.091,0.123,-140,
7 Jul 2013 11:00 PM,-582,0.091,0.123,-142,
8 Jul 2013 12:00 AM,-575,0.090,0.123,-143,
8 Jul 2013 1:00 AM,-588,0.090,0.123,-143,
8 Jul 2013 2:00 AM,-582,0.089,0.122,-144,
8 Jul 2013 3:00 AM,-582,0.089,0.122,-145,
8 Jul 2013 4:00 AM,-588,0.089,0.122,-147,
8 Jul 2013 5:00 AM,-588,0.089,0.122,-147,
8 Jul 2013 6:00 AM,-594,0.088,0.121,-148,
8 Jul 2013 7:00 AM,-594,0.087,0.121,-149,
8 Jul 2013 8:00 AM,-594,0.087,0.121,-149,
8 Jul 2013 9:00 AM,-588,0.087,0.120,-149,
8 Jul 2013 10:00 AM,-594,0.087,0.120,-149,
8 Jul 2013 11:00 AM,-588,0.086,0.120,-149,
8 Jul 2013 12:00 PM,-594,0.087,0.120,-148,
8 Jul 2013 1:00 PM,-594,0.087,0.119,-148,
8 Jul 2013 2:00 PM,-588,0.087,0.118,-147,
8 Jul 2013 3:00 PM,-588,0.088,0.118,-145,
8 Jul 2013 4:00 PM,-594,0.089,0.118,-144,
8 Jul 2013 5:00 PM,-588,0.089,0.119,-144,
8 Jul 2013 6:00 PM,-588,0.090,0.119,-144,
8 Jul 2013 7:00 PM,-588,0.090,0.118,-145,
8 Jul 2013 8:00 PM,-594,0.090,0.118,-148,
8 Jul 2013 9:00 PM,-600,0.090,0.118,-149,
8 Jul 2013 10:00 PM,-600,0.090,0.118,-151,
8 Jul 2013 11:00 PM,-594,0.089,0.118,-152,
9 Jul 2013 12:00 AM,-600,0.089,0.118,-152,
9 Jul 2013 1:00 AM,-600,0.089,0.118,-155,
9 Jul 2013 2:00 AM,-600,0.089,0.118,-155,
9 Jul 2013 3:00 AM,-600,0.088,0.118,-156,
9 Jul 2013 4:00 AM,-600,0.088,0.118,-156,
9 Jul 2013 5:00 AM,-607,0.087,0.118,-157,
9 Jul 2013 6:00 AM,-607,0.087,0.118,-157,
9 Jul 2013 7:00 AM,-607,0.087,0.118,-159,
9 Jul 2013 8:00 AM,-607,0.086,0.118,-159,
9 Jul 2013 9:00 AM,-607,0.086,0.118,-160,
9 Jul 2013 10:00 AM,-607,0.086,0.118,-159,
9 Jul 2013 11:00 AM,-607,0.086,0.118,-159,
9 Jul 2013 12:00 PM,-607,0.086,0.117,-157,
9 Jul 2013 1:00 PM,-607,0.086,0.117,-157,
9 Jul 2013 2:00 PM,-613,0.086,0.117,-159,
9 Jul 2013 3:00 PM,-607,0.086,0.117,-157,
9 Jul 2013 4:00 PM,-607,0.087,0.117,-155,
9 Jul 2013 5:00 PM,-607,0.087,0.117,-155,
9 Jul 2013 6:00 PM,-607,0.088,0.117,-156,
9 Jul 2013 7:00 PM,-613,0.088,0.117,-157,
9 Jul 2013 8:00 PM,-613,0.087,0.117,-143,
9 Jul 2013 9:00 PM,-620,0.087,0.117,-129,
9 Jul 2013 10:00 PM,-620,0.087,0.117,-126,
9 Jul 2013 11:00 PM,-620,0.087,0.117,-125,
10 Jul 2013 12:00 AM,-620,0.086,0.117,-124,
10 Jul 2013 1:00 AM,-620,0.086,0.117,-125,
10 Jul 2013 2:00 AM,-620,0.085,0.117,-126,
10 Jul 2013 3:00 AM,-620,0.085,0.117,-126,
10 Jul 2013 4:00 AM,-626,0.085,0.117,-127,
10 Jul 2013 5:00 AM,-626,0.084,0.117,-127,
10 Jul 2013 6:00 AM,-626,0.084,0.117,-128,
10 Jul 2013 7:00 AM,-626,0.083,0.117,-128,
10 Jul 2013 8:00 AM,-626,0.083,0.117,-129,
10 Jul 2013 9:00 AM,-626,0.083,0.117,-129,
10 Jul 2013 10:00 AM,-633,0.083,0.117,-130,
10 Jul 2013 11:00 AM,-633,0.083,0.117,-130,
10 Jul 2013 12:00 PM,-626,0.083,0.117,-130,
10 Jul 2013 1:00 PM,-626,0.083,0.116,-130,
10 Jul 2013 2:00 PM,-626,0.084,0.117,-124,
10 Jul 2013 3:00 PM,-626,0.085,0.117,-124,
10 Jul 2013 4:00 PM,-626,0.086,0.117,-124,
10 Jul 2013 5:00 PM,-626,0.086,0.117,-124,
10 Jul 2013 6:00 PM,-626,0.087,0.117,-122,
10 Jul 2013 7:00 PM,-620,0.087,0.117,-124,
10 Jul 2013 8:00 PM,-626,0.087,0.117,-125,
10 Jul 2013 9:00 PM,-626,0.087,0.117,-125,
10 Jul 2013 10:00 PM,-626,0.087,0.117,-126,
10 Jul 2013 11:00 PM,-626,0.086,0.117,-127,
11 Jul 2013 12:00 AM,-633,0.086,0.117,-127,
11 Jul 2013 1:00 AM,-633,0.085,0.117,-128,
11 Jul 2013 2:00 AM,-633,0.085,0.117,-129,
11 Jul 2013 3:00 AM,-633,0.085,0.117,-129,
11 Jul 2013 4:00 AM,-633,0.084,0.117,-129,
11 Jul 2013 5:00 AM,-640,0.084,0.117,-130,
11 Jul 2013 6:00 AM,-640,0.083,0.117,-131,
11 Jul 2013 7:00 AM,-633,0.083,0.117,-131,
11 Jul 2013 8:00 AM,-640,0.083,0.117,-132,
11 Jul 2013 9:00 AM,-640,0.083,0.117,-132,
11 Jul 2013 10:00 AM,-640,0.083,0.117,-133,
11 Jul 2013 11:00 AM,-633,0.083,0.117,-128,
11 Jul 2013 12:00 PM,-633,0.083,0.117,-126,
11 Jul 2013 1:00 PM,-640,0.083,0.117,-127,
11 Jul 2013 2:00 PM,-640,0.083,0.117,-131,
11 Jul 2013 3:00 PM,-640,0.084,0.117,-130,
11 Jul 2013 4:00 PM,-633,0.085,0.117,-129,
11 Jul 2013 5:00 PM,-647,0.092,0.117,-24,
11 Jul 2013 6:00 PM,-668,0.185,0.116,-21,
11 Jul 2013 7:00 PM,-690,0.274,0.126,-21,
11 Jul 2013 8:00 PM,-682,0.294,0.150,-22,
11 Jul 2013 9:00 PM,-682,0.281,0.160,-21,
11 Jul 2013 10:00 PM,-682,0.268,0.166,-20,
11 Jul 2013 11:00 PM,-682,0.256,0.170,-19,
12 Jul 2013 12:00 AM,-682,0.246,0.174,-19,
12 Jul 2013 1:00 AM,-675,0.237,0.176,-19,
12 Jul 2013 2:00 AM,-675,0.230,0.178,-19,
12 Jul 2013 3:00 AM,-682,0.225,0.179,-19,
12 Jul 2013 4:00 AM,-675,0.220,0.181,-18,
12 Jul 2013 5:00 AM,-682,0.216,0.183,-18,
12 Jul 2013 6:00 AM,-682,0.213,0.185,-19,
12 Jul 2013 7:00 AM,-682,0.210,0.185,-19,
12 Jul 2013 8:00 AM,-690,0.207,0.187,-19,
12 Jul 2013 9:00 AM,-682,0.205,0.188,-19,
12 Jul 2013 10:00 AM,-682,0.202,0.188,-19,
12 Jul 2013 11:00 AM,-675,0.200,0.187,-19,
12 Jul 2013 12:00 PM,-682,0.196,0.185,-19,
12 Jul 2013 1:00 PM,-675,0.195,0.184,-19,
12 Jul 2013 2:00 PM,-675,0.192,0.182,-19,
12 Jul 2013 3:00 PM,-675,0.190,0.181,-19,
12 Jul 2013 4:00 PM,-675,0.188,0.180,-20,
12 Jul 2013 5:00 PM,-668,0.186,0.179,-20,
12 Jul 2013 6:00 PM,-668,0.185,0.177,-20,
12 Jul 2013 7:00 PM,-668,0.183,0.176,-21,
12 Jul 2013 8:00 PM,-668,0.181,0.175,-21,
12 Jul 2013 9:00 PM,-661,0.180,0.174,-22,
12 Jul 2013 10:00 PM,-668,0.179,0.174,-22,
12 Jul 2013 11:00 PM,-668,0.178,0.174,-22,
13 Jul 2013 12:00 AM,-661,0.177,0.174,-23,
13 Jul 2013 1:00 AM,-668,0.175,0.174,-23,
13 Jul 2013 2:00 AM,-668,0.174,0.174,-23,
13 Jul 2013 3:00 AM,-661,0.174,0.175,-24,
13 Jul 2013 4:00 AM,-668,0.173,0.175,-24,
13 Jul 2013 5:00 AM,-668,0.172,0.175,-24,
13 Jul 2013 6:00 AM,-668,0.171,0.175,-25,
13 Jul 2013 7:00 AM,-668,0.170,0.175,-25,
13 Jul 2013 8:00 AM,-668,0.170,0.175,-25,
13 Jul 2013 9:00 AM,-661,0.169,0.174,-26,
13 Jul 2013 10:00 AM,-668,0.168,0.174,-26,
13 Jul 2013 11:00 AM,-668,0.168,0.172,-27,
13 Jul 2013 12:00 PM,-668,0.167,0.169,-27,
13 Jul 2013 1:00 PM,-661,0.165,0.168,-28,
13 Jul 2013 2:00 PM,-661,0.165,0.166,-28,
13 Jul 2013 3:00 PM,-654,0.164,0.164,-28,
13 Jul 2013 4:00 PM,-661,0.163,0.163,-29,
13 Jul 2013 5:00 PM,-654,0.162,0.162,-29,
13 Jul 2013 6:00 PM,-654,0.162,0.161,-30,
13 Jul 2013 7:00 PM,-654,0.162,0.160,-30,
13 Jul 2013 8:00 PM,-654,0.161,0.159,-31,
13 Jul 2013 9:00 PM,-647,0.160,0.159,-32,
13 Jul 2013 10:00 PM,-654,0.159,0.159,-33,
13 Jul 2013 11:00 PM,-654,0.158,0.158,-34,
14 Jul 2013 12:00 AM,-654,0.157,0.158,-34,
14 Jul 2013 1:00 AM,-654,0.156,0.157,-35,
14 Jul 2013 2:00 AM,-654,0.156,0.157,-36,
14 Jul 2013 3:00 AM,-654,0.155,0.155,-37,
14 Jul 2013 4:00 AM,-654,0.154,0.154,-38,
14 Jul 2013 5:00 AM,-654,0.153,0.156,-39,
14 Jul 2013 6:00 AM,-654,0.152,0.154,-40,
14 Jul 2013 7:00 AM,-654,0.151,0.155,-40,
14 Jul 2013 8:00 AM,-654,0.151,0.155,-41,
14 Jul 2013 9:00 AM,-654,0.151,0.152,-42,
14 Jul 2013 10:00 AM,-654,0.150,0.151,-43,
14 Jul 2013 11:00 AM,-647,0.149,0.148,-44,
14 Jul 2013 12:00 PM,-654,0.148,0.150,-44,
14 Jul 2013 1:00 PM,-647,0.148,0.144,-45,
14 Jul 2013 2:00 PM,-647,0.147,0.139,-46,
14 Jul 2013 3:00 PM,-647,0.147,0.141,-46,
14 Jul 2013 4:00 PM,-640,0.147,0.147,-46,
14 Jul 2013 5:00 PM,-640,0.146,0.145,-46,
14 Jul 2013 6:00 PM,-640,0.146,0.144,-47,
14 Jul 2013 7:00 PM,-640,0.145,0.141,-47,
14 Jul 2013 8:00 PM,-640,0.145,0.140,-49,
14 Jul 2013 9:00 PM,-640,0.145,0.141,-49,
14 Jul 2013 10:00 PM,-640,0.144,0.140,-50,
14 Jul 2013 11:00 PM,-647,0.143,0.139,-51,
15 Jul 2013 12:00 AM,-640,0.143,0.140,-52,
15 Jul 2013 1:00 AM,-640,0.141,0.140,-53,
15 Jul 2013 2:00 AM,-640,0.141,0.138,-54,
15 Jul 2013 3:00 AM,-640,0.140,0.137,-55,
15 Jul 2013 4:00 AM,-640,0.140,0.137,-55,
15 Jul 2013 5:00 AM,-647,0.139,0.134,-56,
15 Jul 2013 6:00 AM,-647,0.138,0.134,-57,
15 Jul 2013 7:00 AM,-647,0.137,0.134,-58,
15 Jul 2013 8:00 AM,-647,0.137,0.134,-59,
15 Jul 2013 9:00 AM,-654,0.136,0.134,-59,
15 Jul 2013 10:00 AM,-654,0.136,0.134,-60,
15 Jul 2013 11:00 AM,-647,0.135,0.134,-61,
15 Jul 2013 12:00 PM,-647,0.135,0.134,-61,
15 Jul 2013 1:00 PM,-647,0.134,0.134,-61,
15 Jul 2013 2:00 PM,-654,0.134,0.091,-62,
15 Jul 2013 3:00 PM,-647,0.134,0.141,-60,
15 Jul 2013 4:00 PM,-654,0.134,0.140,-61,
15 Jul 2013 5:00 PM,-654,0.134,0.140,-61,
15 Jul 2013 6:00 PM,-654,0.133,0.140,-62,
15 Jul 2013 7:00 PM,-654,0.133,0.133,-63,
15 Jul 2013 8:00 PM,-654,0.133,0.133,-64,
15 Jul 2013 9:00 PM,-654,0.132,0.138,-64,
15 Jul 2013 10:00 PM,-661,0.131,0.140,-65,
15 Jul 2013 11:00 PM,-654,0.131,0.135,-66,
16 Jul 2013 12:00 AM,-661,0.131,0.140,-67,
16 Jul 2013 1:00 AM,-661,0.130,0.140,-69,
16 Jul 2013 2:00 AM,-661,0.130,0.140,-70,
16 Jul 2013 3:00 AM,-661,0.129,0.140,-72,
16 Jul 2013 4:00 AM,-661,0.129,0.140,-73,
16 Jul 2013 5:00 AM,-661,0.128,0.140,-74,
16 Jul 2013 6:00 AM,-668,0.128,0.140,-75,
16 Jul 2013 7:00 AM,-668,0.128,0.140,-76,
16 Jul 2013 8:00 AM,-661,0.128,0.140,-77,
16 Jul 2013 9:00 AM,-661,0.127,0.140,-78,
16 Jul 2013 10:00 AM,-668,0.127,0.140,-79,
16 Jul 2013 11:00 AM,-661,0.127,0.134,-80,
16 Jul 2013 12:00 PM,-661,0.126,0.139,-79,
16 Jul 2013 1:00 PM,-661,0.124,0.139,-79,
16 Jul 2013 2:00 PM,-661,0.124,-0.184,-80,
16 Jul 2013 3:00 PM,-661,0.123,0.139,-80,
16 Jul 2013 4:00 PM,-661,0.123,0.139,-79,
16 Jul 2013 5:00 PM,-661,0.123,0.139,-79,
16 Jul 2013 6:00 PM,-661,0.123,0.139,-80,
16 Jul 2013 7:00 PM,-661,0.123,0.139,-80,
16 Jul 2013 8:00 PM,-661,0.123,0.139,-80,
16 Jul 2013 9:00 PM,-661,0.123,0.139,-80,
16 Jul 2013 10:00 PM,-661,0.122,0.139,-81,
16 Jul 2013 11:00 PM,-661,0.122,0.139,-82,
17 Jul 2013 12:00 AM,-661,0.120,0.139,-82,
17 Jul 2013 1:00 AM,-661,0.120,0.139,-82,
17 Jul 2013 2:00 AM,-661,0.120,0.139,-83,
17 Jul 2013 3:00 AM,-661,0.121,0.138,-78,
17 Jul 2013 4:00 AM,-654,0.179,0.138,-43,
17 Jul 2013 5:00 AM,-661,0.343,0.224,-19,
17 Jul 2013 6:00 AM,-661,0.371,0.339,-21,
17 Jul 2013 7:00 AM,-661,0.368,0.360,-21,
17 Jul 2013 8:00 AM,-661,0.375,0.372,-21,
17 Jul 2013 9:00 AM,-668,0.381,0.382,-22,
17 Jul 2013 10:00 AM,-675,0.384,0.387,-22,
17 Jul 2013 11:00 AM,-682,0.385,0.390,-22,
17 Jul 2013 12:00 PM,-705,0.397,0.399,-21,
17 Jul 2013 1:00 PM,-697,0.404,0.403,-22,
17 Jul 2013 2:00 PM,-697,0.400,0.400,-22,
17 Jul 2013 3:00 PM,-115,0.426,0.416,-21,
17 Jul 2013 4:00 PM,-33,0.417,0.412,-22,
17 Jul 2013 5:00 PM,-23,0.427,0.417,-21,
17 Jul 2013 6:00 PM,-18,0.420,0.413,-22,
17 Jul 2013 7:00 PM,-19,0.412,0.411,-22,
17 Jul 2013 8:00 PM,-19,0.405,0.406,-21,
17 Jul 2013 9:00 PM,-19,0.398,0.401,-21,
17 Jul 2013 10:00 PM,-19,0.392,0.396,-21,
17 Jul 2013 11:00 PM,-19,0.388,0.395,-21,
18 Jul 2013 12:00 AM,-19,0.383,0.392,-21,
18 Jul 2013 1:00 AM,-19,0.380,0.389,-21,
18 Jul 2013 2:00 AM,-19,0.377,0.386,-20,
18 Jul 2013 3:00 AM,-19,0.375,0.384,-20,
18 Jul 2013 4:00 AM,-19,0.372,0.383,-20,
18 Jul 2013 5:00 AM,-19,0.370,0.382,-20,
18 Jul 2013 6:00 AM,-19,0.368,0.381,-20,
18 Jul 2013 7:00 AM,-19,0.366,0.378,-20,
18 Jul 2013 8:00 AM,-19,0.366,0.388,-20,
18 Jul 2013 9:00 AM,-19,0.366,0.389,-20,
18 Jul 2013 10:00 AM,-19,0.369,0.391,-20,
18 Jul 2013 11:00 AM,-19,0.375,0.394,-21,
18 Jul 2013 12:00 PM,-19,0.378,0.395,-21,
18 Jul 2013 1:00 PM,-19,0.383,0.398,-21,
18 Jul 2013 2:00 PM,-19,0.404,0.408,-21,
18 Jul 2013 3:00 PM,-18,0.412,0.406,-21,
18 Jul 2013 4:00 PM,-18,0.411,0.400,-22,
18 Jul 2013 5:00 PM,-17,0.407,0.393,-22,
18 Jul 2013 6:00 PM,-17,0.404,0.385,-21,
18 Jul 2013 7:00 PM,-17,0.400,0.373,-21,
18 Jul 2013 8:00 PM,-17,0.397,0.369,-21,
18 Jul 2013 9:00 PM,-17,0.394,0.387,-20,
18 Jul 2013 10:00 PM,-17,0.392,0.384,-20,
18 Jul 2013 11:00 PM,-17,0.389,0.384,-20,
19 Jul 2013 12:00 AM,-17,0.387,0.386,-20,
19 Jul 2013 1:00 AM,-17,0.384,0.388,-20,
19 Jul 2013 2:00 AM,-17,0.382,0.389,-19,
19 Jul 2013 3:00 AM,-17,0.380,0.387,-19,
19 Jul 2013 4:00 AM,-17,0.377,0.388,-19,
19 Jul 2013 5:00 AM,-17,0.376,0.395,-19,
19 Jul 2013 6:00 AM,-17,0.374,0.394,-19,
19 Jul 2013 7:00 AM,-17,0.372,0.389,-19,
19 Jul 2013 8:00 AM,-17,0.371,0.379,-19,
19 Jul 2013 9:00 AM,-17,0.369,0.372,-19,
19 Jul 2013 10:00 AM,-17,0.367,0.363,-19,
19 Jul 2013 11:00 AM,-17,0.366,0.361,-19,
19 Jul 2013 12:00 PM,-17,0.365,0.364,-18,
19 Jul 2013 1:00 PM,-17,0.363,0.354,-18,
19 Jul 2013 2:00 PM,-18,0.361,0.355,-18,
19 Jul 2013 3:00 PM,-18,0.361,0.392,-18,
19 Jul 2013 4:00 PM,-18,0.361,#N/A,-18,
19 Jul 2013 5:00 PM,-18,0.361,#N/A,-19,
19 Jul 2013 6:00 PM,-18,0.361,#N/A,-18,
19 Jul 2013 7:00 PM,-18,0.361,#N/A,-18,
19 Jul 2013 8:00 PM,-18,0.361,#N/A,-18,
19 Jul 2013 9:00 PM,-18,0.360,#N/A,-18,
19 Jul 2013 10:00 PM,-18,0.359,#N/A,-18,
19 Jul 2013 11:00 PM,-18,0.358,#N/A,-18,
20 Jul 2013 12:00 AM,-18,0.357,#N/A,-18,
20 Jul 2013 1:00 AM,-18,0.355,#N/A,-18,
20 Jul 2013 2:00 AM,-18,0.355,#N/A,-18,
20 Jul 2013 3:00 AM,-18,0.353,#N/A,-18,
20 Jul 2013 4:00 AM,-18,0.352,#N/A,-18,
20 Jul 2013 5:00 AM,-18,0.352,#N/A,-19,
20 Jul 2013 6:00 AM,-18,0.355,#N/A,-19,
20 Jul 2013 7:00 AM,-18,0.356,#N/A,-19,
20 Jul 2013 8:00 AM,-18,0.356,#N/A,-19,
20 Jul 2013 9:00 AM,-18,0.355,0.004,-19,
20 Jul 2013 10:00 AM,-18,0.355,#N/A,-19,
20 Jul 2013 11:00 AM,-18,0.355,#N/A,-19,
20 Jul 2013 12:00 PM,-18,0.354,#N/A,-18,
20 Jul 2013 1:00 PM,-18,0.354,#N/A,-19,
20 Jul 2013 2:00 PM,-18,0.356,#N/A,-19,
20 Jul 2013 3:00 PM,-18,0.357,#N/A,-19,
20 Jul 2013 4:00 PM,-18,0.357,#N/A,-19,
20 Jul 2013 5:00 PM,-19,0.355,#N/A,-19,
20 Jul 2013 6:00 PM,-19,0.355,#N/A,-19,
20 Jul 2013 7:00 PM,-19,0.355,#N/A,-19,
20 Jul 2013 8:00 PM,-19,0.356,#N/A,-19,
20 Jul 2013 9:00 PM,-19,0.357,#N/A,-18,
20 Jul 2013 10:00 PM,-19,0.356,#N/A,-19,
20 Jul 2013 11:00 PM,-19,0.355,#N/A,-19,
21 Jul 2013 12:00 AM,-19,0.355,#N/A,-18,
21 Jul 2013 1:00 AM,-19,0.354,#N/A,-18,
21 Jul 2013 2:00 AM,-19,0.352,#N/A,-18,
21 Jul 2013 3:00 AM,-19,0.351,#N/A,-18,
21 Jul 2013 4:00 AM,-19,0.350,#N/A,-18,
21 Jul 2013 5:00 AM,-19,0.349,#N/A,-18,
21 Jul 2013 6:00 AM,-19,0.349,#N/A,-18,
21 Jul 2013 7:00 AM,-19,0.347,#N/A,-18,
21 Jul 2013 8:00 AM,-19,0.347,#N/A,-18,
21 Jul 2013 9:00 AM,-19,0.346,#N/A,-18,
21 Jul 2013 10:00 AM,-19,0.345,#N/A,-18,
21 Jul 2013 11:00 AM,-19,0.343,#N/A,-17,
21 Jul 2013 12:00 PM,-19,0.343,#N/A,-17,
21 Jul 2013 1:00 PM,-19,0.342,#N/A,-17,
21 Jul 2013 2:00 PM,-19,0.341,#N/A,-17,
21 Jul 2013 3:00 PM,-20,0.339,#N/A,-17,
21 Jul 2013 4:00 PM,-20,0.338,#N/A,-16,
21 Jul 2013 5:00 PM,-20,0.337,#N/A,-16,
21 Jul 2013 6:00 PM,-20,0.334,#N/A,-16,
21 Jul 2013 7:00 PM,-20,0.333,#N/A,-16,
21 Jul 2013 8:00 PM,-20,0.332,#N/A,-16,
21 Jul 2013 9:00 PM,-20,0.332,#N/A,-16,
21 Jul 2013 10:00 PM,-20,0.331,#N/A,-16,
21 Jul 2013 11:00 PM,-20,0.330,#N/A,-16,
22 Jul 2013 12:00 AM,-20,0.330,#N/A,-16,
22 Jul 2013 1:00 AM,-21,0.328,#N/A,-16,
22 Jul 2013 2:00 AM,-21,0.328,#N/A,-17,
22 Jul 2013 3:00 AM,-21,0.327,#N/A,-17,
22 Jul 2013 4:00 AM,-21,0.326,#N/A,-16,
22 Jul 2013 5:00 AM,-21,0.326,#N/A,-16,
22 Jul 2013 6:00 AM,-21,0.325,#N/A,-17,
22 Jul 2013 7:00 AM,-21,0.324,#N/A,-17,
22 Jul 2013 8:00 AM,-21,0.324,#N/A,-17,
22 Jul 2013 9:00 AM,-21,0.323,#N/A,-17,
22 Jul 2013 10:00 AM,-21,0.322,#N/A,-17,
22 Jul 2013 11:00 AM,-21,0.321,#N/A,-17,
22 Jul 2013 12:00 PM,-21,0.319,#N/A,-17,
22 Jul 2013 1:00 PM,-22,0.318,#N/A,-17,
22 Jul 2013 2:00 PM,-22,0.317,#N/A,-17,
22 Jul 2013 3:00 PM,-22,0.315,#N/A,-17,
22 Jul 2013 4:00 PM,-22,0.314,#N/A,-17,
22 Jul 2013 5:00 PM,-22,0.313,#N/A,-16,
22 Jul 2013 6:00 PM,-22,0.312,#N/A,-16,
22 Jul 2013 7:00 PM,-23,0.311,#N/A,-16,
22 Jul 2013 8:00 PM,-23,0.310,#N/A,-16,
22 Jul 2013 9:00 PM,-23,0.310,#N/A,-16,
22 Jul 2013 10:00 PM,-23,0.309,#N/A,-16,
22 Jul 2013 11:00 PM,-23,0.308,#N/A,-16,
23 Jul 2013 12:00 AM,-23,0.307,#N/A,-16,
23 Jul 2013 1:00 AM,-23,0.306,#N/A,-16,
23 Jul 2013 2:00 AM,-23,0.305,#N/A,-17,
23 Jul 2013 3:00 AM,-23,0.304,#N/A,-17,
23 Jul 2013 4:00 AM,-23,0.304,#N/A,-17,
23 Jul 2013 5:00 AM,-23,0.301,#N/A,-16,
23 Jul 2013 6:00 AM,-23,0.301,#N/A,-16,
23 Jul 2013 7:00 AM,-23,0.300,#N/A,-16,
23 Jul 2013 8:00 AM,-23,0.297,#N/A,-17,
23 Jul 2013 9:00 AM,-23,0.292,#N/A,-17,
23 Jul 2013 10:00 AM,-24,0.292,#N/A,-17,
23 Jul 2013 11:00 AM,-24,0.291,#N/A,-17,
23 Jul 2013 12:00 PM,-24,0.289,#N/A,-17,
23 Jul 2013 1:00 PM,-25,0.287,#N/A,-17,
23 Jul 2013 2:00 PM,-25,0.287,#N/A,-17,
23 Jul 2013 3:00 PM,-25,0.283,#N/A,-17,
23 Jul 2013 4:00 PM,-26,0.281,#N/A,-17,
23 Jul 2013 5:00 PM,-27,0.278,#N/A,-17,
23 Jul 2013 6:00 PM,-27,0.275,#N/A,-17,
23 Jul 2013 7:00 PM,-27,0.272,#N/A,-18,
23 Jul 2013 8:00 PM,-27,0.269,#N/A,-18,
23 Jul 2013 9:00 PM,-27,0.266,#N/A,-19,
23 Jul 2013 10:00 PM,-27,0.266,#N/A,-19,
23 Jul 2013 11:00 PM,-27,0.265,#N/A,-19,
24 Jul 2013 12:00 AM,-27,0.264,#N/A,-19,
24 Jul 2013 1:00 AM,-27,0.264,#N/A,-19,
24 Jul 2013 2:00 AM,-27,0.263,#N/A,-20,
24 Jul 2013 3:00 AM,-27,0.263,#N/A,-20,
24 Jul 2013 4:00 AM,-27,0.262,#N/A,-20,
24 Jul 2013 5:00 AM,-27,0.261,#N/A,-20,
24 Jul 2013 6:00 AM,-27,0.260,#N/A,-20,
24 Jul 2013 7:00 AM,-28,0.259,#N/A,-20,
24 Jul 2013 8:00 AM,-28,0.259,#N/A,-20,
24 Jul 2013 9:00 AM,-28,0.258,#N/A,-20,
24 Jul 2013 10:00 AM,-28,0.257,#N/A,-20,
24 Jul 2013 11:00 AM,-29,0.254,#N/A,-20,
24 Jul 2013 12:00 PM,-31,0.252,#N/A,-20,
24 Jul 2013 1:00 PM,-32,0.249,#N/A,-20,
24 Jul 2013 2:00 PM,-33,0.245,#N/A,-21,
24 Jul 2013 3:00 PM,-35,0.242,#N/A,-21,
24 Jul 2013 4:00 PM,-36,0.239,#N/A,-21,
24 Jul 2013 5:00 PM,-37,0.237,#N/A,-21,
24 Jul 2013 6:00 PM,-37,0.236,#N/A,-21,
24 Jul 2013 7:00 PM,-37,0.236,#N/A,-21,
24 Jul 2013 8:00 PM,-37,0.234,#N/A,-21,
24 Jul 2013 9:00 PM,-37,0.234,#N/A,-21,
24 Jul 2013 10:00 PM,-37,0.232,#N/A,-21,
24 Jul 2013 11:00 PM,-37,0.232,#N/A,-21,
25 Jul 2013 12:00 AM,-37,0.232,#N/A,-21,
25 Jul 2013 1:00 AM,-37,0.232,#N/A,-21,
25 Jul 2013 2:00 AM,-37,0.231,#N/A,-22,
25 Jul 2013 3:00 AM,-37,0.230,#N/A,-22,
25 Jul 2013 4:00 AM,-37,0.230,#N/A,-22,
25 Jul 2013 5:00 AM,-37,0.230,#N/A,-22,
25 Jul 2013 6:00 AM,-37,0.230,#N/A,-22,
25 Jul 2013 7:00 AM,-37,0.229,#N/A,-22,
25 Jul 2013 8:00 AM,-37,0.229,#N/A,-22,
25 Jul 2013 9:00 AM,-37,0.229,#N/A,-22,
25 Jul 2013 10:00 AM,-38,0.227,#N/A,-23,
25 Jul 2013 11:00 AM,-39,0.226,#N/A,-23,
25 Jul 2013 12:00 PM,-40,0.225,#N/A,-23,
25 Jul 2013 1:00 PM,-42,0.223,#N/A,-23,
25 Jul 2013 2:00 PM,-44,0.220,#N/A,-23,
25 Jul 2013 3:00 PM,-44,0.219,#N/A,-23,
25 Jul 2013 4:00 PM,-45,0.217,#N/A,-23,
25 Jul 2013 5:00 PM,-46,0.216,#N/A,-23,
25 Jul 2013 6:00 PM,-47,0.214,#N/A,-23,
25 Jul 2013 7:00 PM,-48,0.213,#N/A,-23,
25 Jul 2013 8:00 PM,-48,0.212,#N/A,-23,
25 Jul 2013 9:00 PM,-48,0.212,#N/A,-23,
25 Jul 2013 10:00 PM,-48,0.212,#N/A,-23,
25 Jul 2013 11:00 PM,-48,0.211,#N/A,-23,
26 Jul 2013 12:00 AM,-48,0.210,#N/A,-24,
26 Jul 2013 1:00 AM,-48,0.210,#N/A,-24,
26 Jul 2013 2:00 AM,-48,0.209,#N/A,-24,
26 Jul 2013 3:00 AM,-48,0.209,#N/A,-24,
26 Jul 2013 4:00 AM,-48,0.208,#N/A,-24,
26 Jul 2013 5:00 AM,-48,0.208,#N/A,-24,
26 Jul 2013 6:00 AM,-48,0.208,#N/A,-24,
26 Jul 2013 7:00 AM,-48,0.208,#N/A,-24,
26 Jul 2013 8:00 AM,-48,0.207,#N/A,-25,
26 Jul 2013 9:00 AM,-48,0.207,#N/A,-25,
26 Jul 2013 10:00 AM,-48,0.207,#N/A,-25,
26 Jul 2013 11:00 AM,-50,0.205,#N/A,-25,
26 Jul 2013 12:00 PM,-52,0.204,#N/A,-25,
26 Jul 2013 1:00 PM,-53,0.203,#N/A,-25,
26 Jul 2013 2:00 PM,-54,0.202,#N/A,-25,
26 Jul 2013 3:00 PM,-55,0.201,#N/A,-25,
26 Jul 2013 4:00 PM,-57,0.234,#N/A,-27,
26 Jul 2013 5:00 PM,-56,0.341,#N/A,-30,
26 Jul 2013 6:00 PM,-56,0.338,#N/A,-29,
26 Jul 2013 7:00 PM,-56,0.333,#N/A,-29,
26 Jul 2013 8:00 PM,-56,0.330,#N/A,-28,
26 Jul 2013 9:00 PM,-55,0.326,#N/A,-28,
26 Jul 2013 10:00 PM,-55,0.324,#N/A,-28,
26 Jul 2013 11:00 PM,-55,0.321,#N/A,-27,
27 Jul 2013 12:00 AM,-55,0.318,#N/A,-27,
27 Jul 2013 1:00 AM,-55,0.316,#N/A,-26,
27 Jul 2013 2:00 AM,-55,0.314,#N/A,-26,
27 Jul 2013 3:00 AM,-55,0.311,#N/A,-26,
27 Jul 2013 4:00 AM,-55,0.310,#N/A,-26,
27 Jul 2013 5:00 AM,-55,0.308,#N/A,-26,
27 Jul 2013 6:00 AM,-55,0.306,#N/A,-25,
27 Jul 2013 7:00 AM,-55,0.304,#N/A,-25,
27 Jul 2013 8:00 AM,-55,0.302,#N/A,-25,
27 Jul 2013 9:00 AM,-55,0.300,#N/A,-25,
27 Jul 2013 10:00 AM,-55,0.299,#N/A,-25,
27 Jul 2013 11:00 AM,-56,0.298,#N/A,-25,
27 Jul 2013 12:00 PM,-56,0.295,#N/A,-25,
27 Jul 2013 1:00 PM,-57,0.292,#N/A,-25,
27 Jul 2013 2:00 PM,-57,0.291,#N/A,-25,
27 Jul 2013 3:00 PM,-18,0.423,#N/A,-21,
27 Jul 2013 4:00 PM,-17,0.423,#N/A,-22,
27 Jul 2013 5:00 PM,-18,0.411,#N/A,-21,
27 Jul 2013 6:00 PM,-18,0.402,#N/A,-21,
27 Jul 2013 7:00 PM,-18,0.397,#N/A,-21,
27 Jul 2013 8:00 PM,-18,0.392,#N/A,-21,
27 Jul 2013 9:00 PM,-18,0.388,#N/A,-21,
27 Jul 2013 10:00 PM,-18,0.384,#N/A,-20,
27 Jul 2013 11:00 PM,-18,0.382,#N/A,-20,
28 Jul 2013 12:00 AM,-18,0.378,#N/A,-20,
28 Jul 2013 1:00 AM,-18,0.376,#N/A,-20,
28 Jul 2013 2:00 AM,-17,0.374,#N/A,-20,
28 Jul 2013 3:00 AM,-17,0.372,#N/A,-20,
28 Jul 2013 4:00 AM,-17,0.370,#N/A,-20,
28 Jul 2013 5:00 AM,-17,0.368,#N/A,-20,
28 Jul 2013 6:00 AM,-17,0.366,#N/A,-20,
28 Jul 2013 7:00 AM,-17,0.365,#N/A,-20,
28 Jul 2013 8:00 AM,-17,0.363,#N/A,-19,
28 Jul 2013 9:00 AM,-17,0.361,#N/A,-20,
28 Jul 2013 10:00 AM,-17,0.360,#N/A,-20,
28 Jul 2013 11:00 AM,-17,0.358,#N/A,-20,
28 Jul 2013 12:00 PM,-17,0.356,#N/A,-20,
28 Jul 2013 1:00 PM,-17,0.355,#N/A,-20,
28 Jul 2013 2:00 PM,-17,0.352,#N/A,-20,
28 Jul 2013 3:00 PM,-17,0.350,#N/A,-19,
28 Jul 2013 4:00 PM,-17,0.349,#N/A,-19,
28 Jul 2013 5:00 PM,-17,0.347,#N/A,-19,
28 Jul 2013 6:00 PM,-17,0.344,#N/A,-19,
28 Jul 2013 7:00 PM,-17,0.342,#N/A,-19,
28 Jul 2013 8:00 PM,-17,0.341,#N/A,-19,
28 Jul 2013 9:00 PM,-17,0.351,#N/A,-21,
28 Jul 2013 10:00 PM,-17,0.356,#N/A,-21,
28 Jul 2013 11:00 PM,-17,0.357,#N/A,-21,
29 Jul 2013 12:00 AM,-17,0.356,#N/A,-21,
29 Jul 2013 1:00 AM,-17,0.355,#N/A,-20,
29 Jul 2013 2:00 AM,-17,0.355,#N/A,-20,
29 Jul 2013 3:00 AM,-17,0.355,#N/A,-20,
29 Jul 2013 4:00 AM,-17,0.353,#N/A,-20,
29 Jul 2013 5:00 AM,-17,0.353,#N/A,-19,
29 Jul 2013 6:00 AM,-17,0.351,#N/A,-20,
29 Jul 2013 7:00 AM,-17,0.351,#N/A,-20,
29 Jul 2013 8:00 AM,-17,0.349,#N/A,-19,
29 Jul 2013 9:00 AM,-17,0.349,#N/A,-19,
29 Jul 2013 10:00 AM,-17,0.348,#N/A,-19,
29 Jul 2013 11:00 AM,-17,0.346,#N/A,-19,
29 Jul 2013 12:00 PM,-17,0.344,#N/A,-19,
29 Jul 2013 1:00 PM,-17,0.343,#N/A,-19,
29 Jul 2013 2:00 PM,-17,0.341,#N/A,-19,
29 Jul 2013 3:00 PM,-17,0.338,#N/A,-19,
29 Jul 2013 4:00 PM,-17,0.338,#N/A,-19,
29 Jul 2013 5:00 PM,-17,0.335,#N/A,-19,
29 Jul 2013 6:00 PM,-17,0.334,#N/A,-19,
29 Jul 2013 7:00 PM,-17,0.332,#N/A,-19,
29 Jul 2013 8:00 PM,-17,0.332,#N/A,-19,
29 Jul 2013 9:00 PM,-17,0.331,#N/A,-19,
29 Jul 2013 10:00 PM,-17,0.330,#N/A,-19,
29 Jul 2013 11:00 PM,-17,0.328,#N/A,-19,
30 Jul 2013 12:00 AM,-17,0.327,#N/A,-19,
30 Jul 2013 1:00 AM,-17,0.327,#N/A,-19,
30 Jul 2013 2:00 AM,-17,0.326,#N/A,-18,
30 Jul 2013 3:00 AM,-17,0.325,#N/A,-18,
30 Jul 2013 4:00 AM,-17,0.324,#N/A,-18,
30 Jul 2013 5:00 AM,-17,0.323,#N/A,-18,
30 Jul 2013 6:00 AM,-17,0.322,#N/A,-18,
30 Jul 2013 7:00 AM,-17,0.321,#N/A,-18,
30 Jul 2013 8:00 AM,-17,0.321,#N/A,-18,
30 Jul 2013 9:00 AM,-17,0.320,#N/A,-18,
30 Jul 2013 10:00 AM,-17,0.319,#N/A,-18,
30 Jul 2013 11:00 AM,-17,0.317,#N/A,-18,
30 Jul 2013 12:00 PM,-17,0.315,#N/A,-18,
30 Jul 2013 1:00 PM,-18,0.312,#N/A,-19,
30 Jul 2013 2:00 PM,-18,0.309,#N/A,-18,
30 Jul 2013 3:00 PM,-18,0.308,#N/A,-19,
30 Jul 2013 4:00 PM,-18,0.314,#N/A,-20,
30 Jul 2013 5:00 PM,-18,0.323,#N/A,-20,
30 Jul 2013 6:00 PM,-17,0.326,#N/A,-20,
30 Jul 2013 7:00 PM,-17,0.327,#N/A,-20,
30 Jul 2013 8:00 PM,-17,0.328,#N/A,-19,
30 Jul 2013 9:00 PM,-17,0.327,#N/A,-19,
30 Jul 2013 10:00 PM,-17,0.327,#N/A,-19,
30 Jul 2013 11:00 PM,-17,0.327,#N/A,-19,
31 Jul 2013 12:00 AM,-17,0.327,#N/A,-18,
31 Jul 2013 1:00 AM,-17,0.326,#N/A,-18,
31 Jul 2013 2:00 AM,-17,0.326,#N/A,-18,
31 Jul 2013 3:00 AM,-17,0.325,#N/A,-18,
31 Jul 2013 4:00 AM,-17,0.324,#N/A,-18,
31 Jul 2013 5:00 AM,-17,0.324,#N/A,-18,
31 Jul 2013 6:00 AM,-17,0.322,#N/A,-18,
31 Jul 2013 7:00 AM,-17,0.322,#N/A,-18,
31 Jul 2013 8:00 AM,-17,0.321,#N/A,-17,
31 Jul 2013 9:00 AM,-17,0.321,#N/A,-17,
31 Jul 2013 10:00 AM,-17,0.319,#N/A,-17,
31 Jul 2013 11:00 AM,-17,0.317,#N/A,-17,
31 Jul 2013 12:00 PM,-17,0.315,#N/A,-17,
31 Jul 2013 1:00 PM,-17,0.313,#N/A,-17,
31 Jul 2013 2:00 PM,-17,0.311,#N/A,-17,
31 Jul 2013 3:00 PM,-17,0.309,#N/A,-17,
31 Jul 2013 4:00 PM,-17,0.307,#N/A,-17,
31 Jul 2013 5:00 PM,-17,0.305,#N/A,-17,
31 Jul 2013 6:00 PM,-17,0.304,#N/A,-17,
31 Jul 2013 7:00 PM,-17,0.303,#N/A,-17,
31 Jul 2013 8:00 PM,-17,0.302,#N/A,-17,
31 Jul 2013 9:00 PM,-17,0.300,#N/A,-17,
31 Jul 2013 10:00 PM,-17,0.300,#N/A,-17,
31 Jul 2013 11:00 PM,-17,0.300,#N/A,-17,
1 Aug 2013 12:00 AM,-17,0.298,#N/A,-17,
1 Aug 2013 1:00 AM,-17,0.298,#N/A,-17,
1 Aug 2013 2:00 AM,-17,0.298,#N/A,-17,
1 Aug 2013 3:00 AM,-17,0.297,#N/A,-17,
1 Aug 2013 4:00 AM,-18,0.297,#N/A,-17,
1 Aug 2013 5:00 AM,-17,0.296,#N/A,-17,
1 Aug 2013 6:00 AM,-18,0.295,#N/A,-17,
1 Aug 2013 7:00 AM,-18,0.295,#N/A,-17,
1 Aug 2013 8:00 AM,-18,0.294,#N/A,-17,
1 Aug 2013 9:00 AM,-18,0.293,#N/A,-17,
1 Aug 2013 10:00 AM,-18,0.292,#N/A,-17,
1 Aug 2013 11:00 AM,-18,0.291,#N/A,-18,
1 Aug 2013 12:00 PM,-18,0.289,#N/A,-18,
1 Aug 2013 1:00 PM,-18,0.287,#N/A,-18,
1 Aug 2013 2:00 PM,-18,0.283,#N/A,-18,
1 Aug 2013 3:00 PM,-19,0.280,#N/A,-18,
1 Aug 2013 4:00 PM,-19,0.278,#N/A,-18,
1 Aug 2013 5:00 PM,-19,0.275,#N/A,-18,
1 Aug 2013 6:00 PM,-19,0.272,#N/A,-18,
1 Aug 2013 7:00 PM,-19,0.270,#N/A,-18,
1 Aug 2013 8:00 PM,-19,0.270,#N/A,-18,
1 Aug 2013 9:00 PM,-19,0.268,#N/A,-18,
1 Aug 2013 10:00 PM,-19,0.268,#N/A,-19,
1 Aug 2013 11:00 PM,-19,0.267,#N/A,-19,
2 Aug 2013 12:00 AM,-19,0.267,#N/A,-19,
2 Aug 2013 1:00 AM,-20,0.266,#N/A,-19,
2 Aug 2013 2:00 AM,-20,0.266,#N/A,-19,
2 Aug 2013 3:00 AM,-20,0.266,#N/A,-19,
2 Aug 2013 4:00 AM,-20,0.265,#N/A,-19,
2 Aug 2013 5:00 AM,-20,0.264,#N/A,-19,
2 Aug 2013 6:00 AM,-20,0.264,#N/A,-19,
2 Aug 2013 7:00 AM,-20,0.264,#N/A,-19,
2 Aug 2013 8:00 AM,-20,0.263,#N/A,-20,
2 Aug 2013 9:00 AM,-20,0.263,#N/A,-20,
2 Aug 2013 10:00 AM,-20,0.261,#N/A,-20,
2 Aug 2013 11:00 AM,-20,0.259,#N/A,-20,
2 Aug 2013 12:00 PM,-21,0.257,#N/A,-20,
2 Aug 2013 1:00 PM,-21,0.253,#N/A,-20,
2 Aug 2013 2:00 PM,-21,0.249,#N/A,-20,
2 Aug 2013 3:00 PM,-21,0.246,#N/A,-20,
2 Aug 2013 4:00 PM,-22,0.243,#N/A,-21,
2 Aug 2013 5:00 PM,-22,0.240,#N/A,-21,
2 Aug 2013 6:00 PM,-22,0.238,#N/A,-21,
2 Aug 2013 7:00 PM,-23,0.236,#N/A,-21,
2 Aug 2013 8:00 PM,-23,0.235,#N/A,-21,
2 Aug 2013 9:00 PM,-23,0.234,#N/A,-21,
2 Aug 2013 10:00 PM,-23,0.234,#N/A,-21,
2 Aug 2013 11:00 PM,-23,0.233,#N/A,-21,
3 Aug 2013 12:00 AM,-23,0.232,#N/A,-22,
3 Aug 2013 1:00 AM,-23,0.232,#N/A,-22,
3 Aug 2013 2:00 AM,-23,0.232,#N/A,-22,
3 Aug 2013 3:00 AM,-23,0.232,#N/A,-22,
3 Aug 2013 4:00 AM,-23,0.232,#N/A,-22,
3 Aug 2013 5:00 AM,-23,0.232,#N/A,-22,
3 Aug 2013 6:00 AM,-23,0.232,#N/A,-22,
3 Aug 2013 7:00 AM,-23,0.231,#N/A,-22,
3 Aug 2013 8:00 AM,-23,0.231,#N/A,-23,
3 Aug 2013 9:00 AM,-23,0.230,#N/A,-23,
3 Aug 2013 10:00 AM,-23,0.230,#N/A,-23,
3 Aug 2013 11:00 AM,-24,0.228,#N/A,-23,
3 Aug 2013 12:00 PM,-24,0.225,#N/A,-23,
3 Aug 2013 1:00 PM,-25,0.224,#N/A,-23,
3 Aug 2013 2:00 PM,-25,0.222,#N/A,-23,
3 Aug 2013 3:00 PM,-25,0.219,#N/A,-24,
3 Aug 2013 4:00 PM,-26,0.218,#N/A,-24,
3 Aug 2013 5:00 PM,-27,0.215,#N/A,-24,
3 Aug 2013 6:00 PM,-27,0.213,#N/A,-24,
3 Aug 2013 7:00 PM,-27,0.212,#N/A,-24,
3 Aug 2013 8:00 PM,-27,0.211,#N/A,-25,
3 Aug 2013 9:00 PM,-27,0.210,#N/A,-25,
3 Aug 2013 10:00 PM,-27,0.210,#N/A,-25,
3 Aug 2013 11:00 PM,-27,0.209,#N/A,-25,
4 Aug 2013 12:00 AM,-27,0.209,#N/A,-25,
4 Aug 2013 1:00 AM,-27,0.208,#N/A,-25,
4 Aug 2013 2:00 AM,-27,0.208,#N/A,-25,
4 Aug 2013 3:00 AM,-27,0.208,#N/A,-25,
4 Aug 2013 4:00 AM,-27,0.208,#N/A,-25,
4 Aug 2013 5:00 AM,-27,0.208,#N/A,-25,
4 Aug 2013 6:00 AM,-27,0.208,#N/A,-26,
4 Aug 2013 7:00 AM,-27,0.208,#N/A,-26,
4 Aug 2013 8:00 AM,-27,0.208,#N/A,-26,
4 Aug 2013 9:00 AM,-27,0.208,#N/A,-26,
4 Aug 2013 10:00 AM,-27,0.207,#N/A,-26,
4 Aug 2013 11:00 AM,-28,0.206,#N/A,-26,
4 Aug 2013 12:00 PM,-29,0.204,#N/A,-27,
4 Aug 2013 1:00 PM,-30,0.202,#N/A,-27,
4 Aug 2013 2:00 PM,-31,0.201,#N/A,-27,
4 Aug 2013 3:00 PM,-32,0.199,#N/A,-28,
4 Aug 2013 4:00 PM,-33,0.198,#N/A,-28,
4 Aug 2013 5:00 PM,-34,0.196,#N/A,-28,
4 Aug 2013 6:00 PM,-34,0.196,#N/A,-29,
4 Aug 2013 7:00 PM,-34,0.195,#N/A,-29,
4 Aug 2013 8:00 PM,-34,0.195,#N/A,-29,
4 Aug 2013 9:00 PM,-34,0.195,#N/A,-30,
4 Aug 2013 10:00 PM,-34,0.193,#N/A,-30,
4 Aug 2013 11:00 PM,-34,0.193,#N/A,-30,
5 Aug 2013 12:00 AM,-34,0.193,#N/A,-31,
5 Aug 2013 1:00 AM,-34,0.193,#N/A,-31,
5 Aug 2013 2:00 AM,-34,0.193,#N/A,-31,
5 Aug 2013 3:00 AM,-34,0.193,#N/A,-32,
5 Aug 2013 4:00 AM,-34,0.193,#N/A,-32,
5 Aug 2013 5:00 AM,-33,0.193,#N/A,-32,
5 Aug 2013 6:00 AM,-33,0.192,#N/A,-32,
5 Aug 2013 7:00 AM,-34,0.192,#N/A,-33,
5 Aug 2013 8:00 AM,-34,0.193,#N/A,-33,
5 Aug 2013 9:00 AM,-34,0.191,#N/A,-33,
5 Aug 2013 10:00 AM,-34,0.191,#N/A,-33,
5 Aug 2013 11:00 AM,-35,0.191,#N/A,-33,
5 Aug 2013 12:00 PM,-37,0.190,#N/A,-34,
5 Aug 2013 1:00 PM,-39,0.188,#N/A,-34,
5 Aug 2013 2:00 PM,-40,0.186,#N/A,-35,
5 Aug 2013 3:00 PM,-42,0.185,#N/A,-36,
5 Aug 2013 4:00 PM,-45,0.183,#N/A,-36,
5 Aug 2013 5:00 PM,-45,0.182,#N/A,-37,
5 Aug 2013 6:00 PM,-46,0.181,#N/A,-37,
5 Aug 2013 7:00 PM,-46,0.181,#N/A,-38,
5 Aug 2013 8:00 PM,-46,0.179,#N/A,-39,
5 Aug 2013 9:00 PM,-46,0.179,#N/A,-39,
5 Aug 2013 10:00 PM,-46,0.179,#N/A,-40,
5 Aug 2013 11:00 PM,-45,0.179,#N/A,-40,
6 Aug 2013 12:00 AM,-45,0.178,#N/A,-40,
6 Aug 2013 1:00 AM,-45,0.178,#N/A,-40,
6 Aug 2013 2:00 AM,-45,0.178,#N/A,-41,
6 Aug 2013 3:00 AM,-44,0.178,#N/A,-41,
6 Aug 2013 4:00 AM,-44,0.178,#N/A,-41,
6 Aug 2013 5:00 AM,-44,0.178,#N/A,-42,
6 Aug 2013 6:00 AM,-44,0.178,#N/A,-42,
6 Aug 2013 7:00 AM,-44,0.178,#N/A,-42,
6 Aug 2013 8:00 AM,-44,0.178,#N/A,-43,
6 Aug 2013 9:00 AM,-44,0.178,#N/A,-43,
6 Aug 2013 10:00 AM,-45,0.176,#N/A,-43,
6 Aug 2013 11:00 AM,-46,0.176,#N/A,-44,
6 Aug 2013 12:00 PM,-48,0.174,#N/A,-45,
6 Aug 2013 1:00 PM,-49,0.174,#N/A,-46,
6 Aug 2013 2:00 PM,-51,0.173,#N/A,-46,
6 Aug 2013 3:00 PM,-53,0.172,#N/A,-47,
6 Aug 2013 4:00 PM,-55,0.171,#N/A,-48,
6 Aug 2013 5:00 PM,-57,0.169,#N/A,-48,
6 Aug 2013 6:00 PM,-58,0.168,#N/A,-49,
6 Aug 2013 7:00 PM,-58,0.168,#N/A,-50,
6 Aug 2013 8:00 PM,-58,0.168,#N/A,-51,
6 Aug 2013 9:00 PM,-58,0.167,#N/A,-51,
6 Aug 2013 10:00 PM,-57,0.166,#N/A,-51,
6 Aug 2013 11:00 PM,-57,0.166,#N/A,-52,
7 Aug 2013 12:00 AM,-56,0.166,#N/A,-52,
7 Aug 2013 1:00 AM,-56,0.165,#N/A,-53,
7 Aug 2013 2:00 AM,-56,0.164,#N/A,-53,
7 Aug 2013 3:00 AM,-56,0.164,#N/A,-53,
7 Aug 2013 4:00 AM,-55,0.164,#N/A,-53,
7 Aug 2013 5:00 AM,-55,0.164,#N/A,-54,
7 Aug 2013 6:00 AM,-55,0.164,#N/A,-55,
7 Aug 2013 7:00 AM,-55,0.164,#N/A,-55,
7 Aug 2013 8:00 AM,-55,0.164,#N/A,-55,
7 Aug 2013 9:00 AM,-55,0.163,#N/A,-55,
7 Aug 2013 10:00 AM,-56,0.163,#N/A,-56,
7 Aug 2013 11:00 AM,-57,0.162,#N/A,-57,
7 Aug 2013 12:00 PM,-58,0.162,#N/A,-57,
7 Aug 2013 1:00 PM,-59,0.162,#N/A,-57,
7 Aug 2013 2:00 PM,-60,0.161,#N/A,-58,
7 Aug 2013 3:00 PM,-61,0.161,#N/A,-59,
7 Aug 2013 4:00 PM,-63,0.161,#N/A,-59,
7 Aug 2013 5:00 PM,-65,0.159,#N/A,-60,
7 Aug 2013 6:00 PM,-66,0.159,#N/A,-61,
7 Aug 2013 7:00 PM,-66,0.157,#N/A,-61,
7 Aug 2013 8:00 PM,-65,0.157,#N/A,-62,
7 Aug 2013 9:00 PM,-65,0.157,#N/A,-62,
7 Aug 2013 10:00 PM,-64,0.157,#N/A,-63,
7 Aug 2013 11:00 PM,-64,0.157,#N/A,-63,
8 Aug 2013 12:00 AM,-64,0.156,#N/A,-63,
8 Aug 2013 1:00 AM,-64,0.156,#N/A,-63,
8 Aug 2013 2:00 AM,-64,0.156,#N/A,-64,
8 Aug 2013 3:00 AM,-63,0.156,#N/A,-64,
8 Aug 2013 4:00 AM,-63,0.156,#N/A,-64,
8 Aug 2013 5:00 AM,-63,0.156,#N/A,-64,
8 Aug 2013 6:00 AM,-63,0.156,#N/A,-64,
8 Aug 2013 7:00 AM,-63,0.156,#N/A,-65,
8 Aug 2013 8:00 AM,-63,0.156,#N/A,-65,
8 Aug 2013 9:00 AM,-63,0.155,#N/A,-66,
8 Aug 2013 10:00 AM,-64,0.155,#N/A,-66,
8 Aug 2013 11:00 AM,-64,0.154,#N/A,-66,
8 Aug 2013 12:00 PM,-65,0.154,#N/A,-67,
8 Aug 2013 1:00 PM,-68,0.154,#N/A,-68,
8 Aug 2013 2:00 PM,-69,0.153,#N/A,-69,
8 Aug 2013 3:00 PM,-71,0.152,#N/A,-69,
8 Aug 2013 4:00 PM,-74,0.151,#N/A,-70,
8 Aug 2013 5:00 PM,-76,0.151,#N/A,-71,
8 Aug 2013 6:00 PM,-77,0.151,#N/A,-72,
8 Aug 2013 7:00 PM,-78,0.149,#N/A,-73,
8 Aug 2013 8:00 PM,-78,0.149,#N/A,-74,
8 Aug 2013 9:00 PM,-77,0.148,#N/A,-76,
8 Aug 2013 10:00 PM,-77,0.148,#N/A,-76,
8 Aug 2013 11:00 PM,-77,0.147,#N/A,-76,
9 Aug 2013 12:00 AM,-76,0.147,#N/A,-77,
9 Aug 2013 1:00 AM,-76,0.147,#N/A,-78,
9 Aug 2013 2:00 AM,-76,0.147,#N/A,-78,
9 Aug 2013 3:00 AM,-75,0.146,#N/A,-79,
9 Aug 2013 4:00 AM,-75,0.146,#N/A,-79,
9 Aug 2013 5:00 AM,-74,0.145,#N/A,-79,
9 Aug 2013 6:00 AM,-74,0.145,#N/A,-79,
9 Aug 2013 7:00 AM,-74,0.145,#N/A,-80,
9 Aug 2013 8:00 AM,-74,0.145,#N/A,-80,
9 Aug 2013 9:00 AM,-74,0.145,#N/A,-80,
9 Aug 2013 10:00 AM,-75,0.144,#N/A,-81,
9 Aug 2013 11:00 AM,-77,0.144,#N/A,-82,
9 Aug 2013 12:00 PM,-79,0.144,#N/A,-83,
9 Aug 2013 1:00 PM,-81,0.143,#N/A,-84,
9 Aug 2013 2:00 PM,-83,0.142,#N/A,-81,
9 Aug 2013 3:00 PM,-84,0.142,#N/A,-82,
9 Aug 2013 4:00 PM,-84,0.142,#N/A,-83,
9 Aug 2013 5:00 PM,-84,0.141,#N/A,-83,
9 Aug 2013 6:00 PM,-85,0.140,#N/A,-84,
9 Aug 2013 7:00 PM,-85,0.140,#N/A,-84,
9 Aug 2013 8:00 PM,-85,0.140,#N/A,-84,
9 Aug 2013 9:00 PM,-84,0.140,#N/A,-85,
9 Aug 2013 10:00 PM,-84,0.140,#N/A,-86,
9 Aug 2013 11:00 PM,-84,0.139,#N/A,-86,
10 Aug 2013 12:00 AM,-84,0.139,#N/A,-86,
10 Aug 2013 1:00 AM,-83,0.139,#N/A,-87,
10 Aug 2013 2:00 AM,-83,0.138,#N/A,-87,
10 Aug 2013 3:00 AM,-82,0.137,#N/A,-88,
10 Aug 2013 4:00 AM,-82,0.137,#N/A,-88,
10 Aug 2013 5:00 AM,-82,0.137,#N/A,-88,
10 Aug 2013 6:00 AM,-82,0.137,#N/A,-88,
10 Aug 2013 7:00 AM,-82,0.137,#N/A,-88,
10 Aug 2013 8:00 AM,-82,0.137,#N/A,-88,
10 Aug 2013 9:00 AM,-82,0.137,#N/A,-89,
10 Aug 2013 10:00 AM,-82,0.136,#N/A,-90,
10 Aug 2013 11:00 AM,-83,0.136,#N/A,-93,
10 Aug 2013 12:00 PM,-84,0.135,#N/A,-93,
10 Aug 2013 1:00 PM,-86,0.135,#N/A,-93,
10 Aug 2013 2:00 PM,-88,0.135,#N/A,-94,
10 Aug 2013 3:00 PM,-91,0.134,#N/A,-95,
10 Aug 2013 4:00 PM,-94,0.134,#N/A,-95,
10 Aug 2013 5:00 PM,-97,0.134,#N/A,-95,
10 Aug 2013 6:00 PM,-100,0.134,#N/A,-96,
10 Aug 2013 7:00 PM,-100,0.134,#N/A,-96,
10 Aug 2013 8:00 PM,-100,0.133,#N/A,-95,
10 Aug 2013 9:00 PM,-100,0.132,#N/A,-96,
10 Aug 2013 10:00 PM,-99,0.132,#N/A,-96,
10 Aug 2013 11:00 PM,-98,0.131,#N/A,-97,
11 Aug 2013 12:00 AM,-98,0.131,#N/A,-98,
11 Aug 2013 1:00 AM,-97,0.130,#N/A,-99,
11 Aug 2013 2:00 AM,-96,0.130,#N/A,-100,
11 Aug 2013 3:00 AM,-96,0.130,#N/A,-100,
11 Aug 2013 4:00 AM,-96,0.130,#N/A,-100,
11 Aug 2013 5:00 AM,-95,0.129,#N/A,-101,
11 Aug 2013 6:00 AM,-96,0.128,#N/A,-101,
11 Aug 2013 7:00 AM,-96,0.128,#N/A,-102,
11 Aug 2013 8:00 AM,-95,0.128,#N/A,-102,
11 Aug 2013 9:00 AM,-96,0.128,#N/A,-102,
11 Aug 2013 10:00 AM,-96,0.128,#N/A,-103,
11 Aug 2013 11:00 AM,-96,0.127,#N/A,-101,
11 Aug 2013 12:00 PM,-97,0.127,#N/A,-102,
11 Aug 2013 1:00 PM,-98,0.127,#N/A,-101,
11 Aug 2013 2:00 PM,-100,0.127,#N/A,-103,
11 Aug 2013 3:00 PM,-101,0.127,#N/A,-103,
11 Aug 2013 4:00 PM,-104,0.126,#N/A,-102,
11 Aug 2013 5:00 PM,-105,0.125,#N/A,-104,
11 Aug 2013 6:00 PM,-107,0.125,#N/A,-105,
11 Aug 2013 7:00 PM,-109,0.125,#N/A,-105,
11 Aug 2013 8:00 PM,-109,0.125,#N/A,-105,
11 Aug 2013 9:00 PM,-109,0.125,0.069,-101,
11 Aug 2013 10:00 PM,-109,0.124,#N/A,-101,
11 Aug 2013 11:00 PM,-108,0.123,#N/A,-103,
12 Aug 2013 12:00 AM,-107,0.123,#N/A,-103,
12 Aug 2013 1:00 AM,-107,0.123,#N/A,-103,
12 Aug 2013 2:00 AM,-106,0.123,#N/A,-104,
12 Aug 2013 3:00 AM,-106,0.123,#N/A,-104,
12 Aug 2013 4:00 AM,-105,0.123,#N/A,-104,
12 Aug 2013 5:00 AM,-105,0.123,#N/A,-105,
12 Aug 2013 6:00 AM,-105,0.123,-0.195,-108,
12 Aug 2013 7:00 AM,-105,0.123,-0.195,-109,
12 Aug 2013 8:00 AM,-105,0.123,-0.189,-109,
12 Aug 2013 9:00 AM,-105,0.122,-0.200,-110,
12 Aug 2013 10:00 AM,-105,0.122,-0.149,-108,
12 Aug 2013 11:00 AM,-106,0.122,-0.114,-106,
12 Aug 2013 12:00 PM,-109,0.122,-0.109,-106,
12 Aug 2013 1:00 PM,-113,0.122,-0.127,-108,
12 Aug 2013 2:00 PM,-114,0.122,-0.138,-109,
12 Aug 2013 3:00 PM,-115,0.122,-0.146,-109,
12 Aug 2013 4:00 PM,-118,0.121,-0.078,-109,
12 Aug 2013 5:00 PM,-122,0.121,-0.039,-110,
12 Aug 2013 6:00 PM,-125,0.121,-0.036,-111,
12 Aug 2013 7:00 PM,-126,0.120,-0.033,-111,
12 Aug 2013 8:00 PM,-124,0.120,-0.020,-112,
12 Aug 2013 9:00 PM,-124,0.120,-0.016,-112,
12 Aug 2013 10:00 PM,-122,0.120,-0.006,-113,
12 Aug 2013 11:00 PM,-122,0.120,-0.008,-112,
13 Aug 2013 12:00 AM,-121,0.120,0.006,-113,
13 Aug 2013 1:00 AM,-121,0.119,0.012,-114,
13 Aug 2013 2:00 AM,-120,0.119,0.020,-115,
13 Aug 2013 3:00 AM,-119,0.118,0.030,-114,
13 Aug 2013 4:00 AM,-119,0.118,0.038,-115,
13 Aug 2013 5:00 AM,-119,0.118,0.036,-115,
13 Aug 2013 6:00 AM,-119,0.118,0.041,-115,
13 Aug 2013 7:00 AM,-118,0.118,0.064,-115,
13 Aug 2013 8:00 AM,-118,0.118,0.084,-115,
13 Aug 2013 9:00 AM,-118,0.117,0.109,-110,
13 Aug 2013 10:00 AM,-119,0.118,0.105,-111,
13 Aug 2013 11:00 AM,-121,0.118,0.115,-113,
13 Aug 2013 12:00 PM,-126,0.117,0.113,-116,
13 Aug 2013 1:00 PM,-130,0.117,0.132,-116,
13 Aug 2013 2:00 PM,-133,0.117,0.124,-118,
13 Aug 2013 3:00 PM,-138,0.117,0.070,-119,
