Measurement Time,m続/m続 VWC,kPa Potential,kPa Potential,m続/m続 VWC,None
06/26/13 01:00 PM,0.107,-4053,-1640,0.137,
06/26/13 02:00 PM,0.355,-21,-13,0.396,
06/26/13 03:00 PM,0.354,-21,-13,0.395,
06/26/13 04:00 PM,0.352,-22,-13,0.394,
06/26/13 05:00 PM,0.352,-23,-13,0.393,
06/26/13 06:00 PM,0.350,-24,-13,0.392,
06/26/13 07:00 PM,0.349,-25,-14,0.390,
06/26/13 08:00 PM,0.349,-26,-14,0.389,
06/26/13 09:00 PM,0.347,-27,-14,0.388,
06/26/13 10:00 PM,0.345,-28,-14,0.387,
06/26/13 11:00 PM,0.344,-28,-14,0.386,
06/27/13 12:00 AM,0.343,-29,-14,0.386,
06/27/13 01:00 AM,0.342,-29,-14,0.384,
06/27/13 02:00 AM,0.342,-30,-14,0.383,
06/27/13 03:00 AM,0.342,-30,-14,0.383,
06/27/13 04:00 AM,0.340,-30,-15,0.383,
06/27/13 05:00 AM,0.340,-31,-15,0.382,
06/27/13 06:00 AM,0.338,-31,-15,0.381,
06/27/13 07:00 AM,0.338,-32,-15,0.381,
06/27/13 08:00 AM,0.338,-32,-15,0.380,
06/27/13 09:00 AM,0.336,-32,-15,0.379,
06/27/13 10:00 AM,0.334,-33,-15,0.378,
06/27/13 11:00 AM,0.332,-34,-15,0.377,
06/27/13 12:00 PM,0.330,-35,-15,0.377,
06/27/13 01:00 PM,0.328,-37,-15,0.376,
06/27/13 02:00 PM,0.326,-38,-15,0.373,
06/27/13 03:00 PM,0.325,-40,-16,0.372,
06/27/13 04:00 PM,0.324,-41,-16,0.370,
06/27/13 05:00 PM,0.323,-43,-16,0.369,
06/27/13 06:00 PM,0.323,-44,-16,0.370,
06/27/13 07:00 PM,0.323,-45,-16,0.372,
06/27/13 08:00 PM,0.321,-46,-16,0.373,
06/27/13 09:00 PM,0.321,-47,-16,0.375,
06/27/13 10:00 PM,0.320,-47,-15,0.376,
06/27/13 11:00 PM,0.319,-48,-15,0.376,
06/28/13 12:00 AM,0.319,-49,-15,0.376,
06/28/13 01:00 AM,0.318,-49,-15,0.376,
06/28/13 02:00 AM,0.317,-50,-15,0.376,
06/28/13 03:00 AM,0.317,-51,-15,0.376,
06/28/13 04:00 AM,0.315,-51,-15,0.376,
06/28/13 05:00 AM,0.315,-52,-15,0.375,
06/28/13 06:00 AM,0.314,-52,-15,0.375,
06/28/13 07:00 AM,0.314,-53,-15,0.374,
06/28/13 08:00 AM,0.312,-53,-16,0.373,
06/28/13 09:00 AM,0.311,-53,-16,0.373,
06/28/13 10:00 AM,0.309,-54,-16,0.372,
06/28/13 11:00 AM,0.306,-56,-16,0.372,
06/28/13 12:00 PM,0.304,-57,-16,0.370,
06/28/13 01:00 PM,0.301,-59,-16,0.369,
06/28/13 02:00 PM,0.298,-61,-16,0.368,
06/28/13 03:00 PM,0.297,-62,-16,0.366,
06/28/13 04:00 PM,0.295,-64,-16,0.366,
06/28/13 05:00 PM,0.295,-65,-16,0.365,
06/28/13 06:00 PM,0.294,-67,-16,0.363,
06/28/13 07:00 PM,0.293,-69,-16,0.362,
06/28/13 08:00 PM,0.292,-71,-16,0.361,
06/28/13 09:00 PM,0.292,-72,-17,0.360,
06/28/13 10:00 PM,0.291,-73,-17,0.359,
06/28/13 11:00 PM,0.290,-74,-17,0.358,
06/29/13 12:00 AM,0.289,-76,-17,0.357,
06/29/13 01:00 AM,0.288,-76,-17,0.356,
06/29/13 02:00 AM,0.288,-77,-17,0.356,
06/29/13 03:00 AM,0.287,-77,-18,0.355,
06/29/13 04:00 AM,0.287,-78,-18,0.355,
06/29/13 05:00 AM,0.287,-78,-18,0.354,
06/29/13 06:00 AM,0.285,-79,-18,0.353,
06/29/13 07:00 AM,0.285,-80,-18,0.353,
06/29/13 08:00 AM,0.284,-80,-18,0.352,
06/29/13 09:00 AM,0.282,-80,-19,0.351,
06/29/13 10:00 AM,0.281,-81,-19,0.349,
06/29/13 11:00 AM,0.277,-83,-19,0.349,
06/29/13 12:00 PM,0.274,-84,-19,0.347,
06/29/13 01:00 PM,0.270,-86,-20,0.344,
06/29/13 02:00 PM,0.266,-89,-20,0.341,
06/29/13 03:00 PM,0.263,-90,-21,0.337,
06/29/13 04:00 PM,0.260,-93,-22,0.333,
06/29/13 05:00 PM,0.258,-95,-23,0.330,
06/29/13 06:00 PM,0.256,-97,-24,0.327,
06/29/13 07:00 PM,0.254,-100,-25,0.324,
06/29/13 08:00 PM,0.254,-103,-26,0.322,
06/29/13 09:00 PM,0.254,-105,-26,0.321,
06/29/13 10:00 PM,0.253,-107,-27,0.321,
06/29/13 11:00 PM,0.253,-109,-28,0.320,
06/30/13 12:00 AM,0.253,-110,-28,0.319,
06/30/13 01:00 AM,0.253,-112,-28,0.319,
06/30/13 02:00 AM,0.253,-113,-29,0.318,
06/30/13 03:00 AM,0.252,-114,-29,0.318,
06/30/13 04:00 AM,0.251,-115,-29,0.317,
06/30/13 05:00 AM,0.251,-115,-30,0.316,
06/30/13 06:00 AM,0.250,-116,-30,0.315,
06/30/13 07:00 AM,0.249,-117,-30,0.315,
06/30/13 08:00 AM,0.247,-118,-30,0.315,
06/30/13 09:00 AM,0.247,-119,-31,0.314,
06/30/13 10:00 AM,0.245,-119,-31,0.312,
06/30/13 11:00 AM,0.242,-121,-32,0.310,
06/30/13 12:00 PM,0.240,-124,-32,0.308,
06/30/13 01:00 PM,0.238,-126,-33,0.307,
06/30/13 02:00 PM,0.237,-128,-33,0.305,
06/30/13 03:00 PM,0.235,-129,-34,0.303,
06/30/13 04:00 PM,0.231,-132,-35,0.298,
06/30/13 05:00 PM,0.228,-135,-36,0.293,
06/30/13 06:00 PM,0.225,-137,-37,0.290,
06/30/13 07:00 PM,0.224,-139,-38,0.287,
06/30/13 08:00 PM,0.223,-142,-39,0.283,
06/30/13 09:00 PM,0.222,-144,-40,0.281,
06/30/13 10:00 PM,0.222,-147,-40,0.281,
06/30/13 11:00 PM,0.222,-149,-41,0.281,
07/01/13 12:00 AM,0.222,-152,-41,0.281,
07/01/13 01:00 AM,0.221,-153,-41,0.281,
07/01/13 02:00 AM,0.220,-155,-42,0.280,
07/01/13 03:00 AM,0.220,-156,-42,0.280,
07/01/13 04:00 AM,0.220,-157,-42,0.279,
07/01/13 05:00 AM,0.220,-159,-43,0.278,
07/01/13 06:00 AM,0.220,-159,-43,0.278,
07/01/13 07:00 AM,0.220,-160,-43,0.278,
07/01/13 08:00 AM,0.219,-162,-43,0.277,
07/01/13 09:00 AM,0.219,-162,-43,0.276,
07/01/13 10:00 AM,0.219,-163,-43,0.276,
07/01/13 11:00 AM,0.217,-164,-44,0.275,
07/01/13 12:00 PM,0.217,-164,-44,0.275,
07/01/13 01:00 PM,0.217,-166,-44,0.275,
07/01/13 02:00 PM,0.217,-167,-44,0.275,
07/01/13 03:00 PM,0.216,-167,-45,0.275,
07/01/13 04:00 PM,0.215,-169,-45,0.274,
07/01/13 05:00 PM,0.213,-169,-46,0.271,
07/01/13 06:00 PM,0.213,-170,-47,0.269,
07/01/13 07:00 PM,0.210,-172,-47,0.265,
07/01/13 08:00 PM,0.210,-173,-48,0.264,
07/01/13 09:00 PM,0.209,-175,-49,0.263,
07/01/13 10:00 PM,0.209,-177,-50,0.263,
07/01/13 11:00 PM,0.208,-178,-51,0.263,
07/02/13 12:00 AM,0.208,-180,-51,0.263,
07/02/13 01:00 AM,0.208,-181,-51,0.262,
07/02/13 02:00 AM,0.208,-183,-51,0.261,
07/02/13 03:00 AM,0.208,-185,-51,0.261,
07/02/13 04:00 AM,0.209,-186,-51,0.261,
07/02/13 05:00 AM,0.209,-188,-52,0.261,
07/02/13 06:00 AM,0.209,-190,-52,0.260,
07/02/13 07:00 AM,0.208,-190,-52,0.260,
07/02/13 08:00 AM,0.208,-193,-52,0.260,
07/02/13 09:00 AM,0.207,-193,-52,0.259,
07/02/13 10:00 AM,0.205,-195,-53,0.257,
07/02/13 11:00 AM,0.202,-195,-53,0.255,
07/02/13 12:00 PM,0.200,-197,-54,0.253,
07/02/13 01:00 PM,0.197,-195,-55,0.249,
07/02/13 02:00 PM,0.196,-195,-57,0.245,
07/02/13 03:00 PM,0.194,-197,-58,0.240,
07/02/13 04:00 PM,0.193,-199,-59,0.236,
07/02/13 05:00 PM,0.191,-201,-61,0.231,
07/02/13 06:00 PM,0.191,-202,-63,0.230,
07/02/13 07:00 PM,0.190,-204,-65,0.227,
07/02/13 08:00 PM,0.190,-206,-66,0.225,
07/02/13 09:00 PM,0.190,-208,-68,0.225,
07/02/13 10:00 PM,0.190,-212,-69,0.225,
07/02/13 11:00 PM,0.190,-214,-70,0.224,
07/03/13 12:00 AM,0.189,-216,-71,0.224,
07/03/13 01:00 AM,0.189,-218,-72,0.224,
07/03/13 02:00 AM,0.188,-218,-72,0.224,
07/03/13 03:00 AM,0.188,-220,-73,0.224,
07/03/13 04:00 AM,0.188,-222,-73,0.223,
07/03/13 05:00 AM,0.188,-224,-74,0.223,
07/03/13 06:00 AM,0.187,-226,-73,0.222,
07/03/13 07:00 AM,0.186,-228,-74,0.222,
07/03/13 08:00 AM,0.186,-230,-74,0.222,
07/03/13 09:00 AM,0.186,-230,-74,0.221,
07/03/13 10:00 AM,0.185,-228,-75,0.219,
07/03/13 11:00 AM,0.183,-230,-76,0.218,
07/03/13 12:00 PM,0.180,-230,-78,0.215,
07/03/13 01:00 PM,0.179,-233,-80,0.212,
07/03/13 02:00 PM,0.178,-235,-82,0.210,
07/03/13 03:00 PM,0.178,-235,-84,0.208,
07/03/13 04:00 PM,0.176,-235,-86,0.206,
07/03/13 05:00 PM,0.175,-237,-88,0.203,
07/03/13 06:00 PM,0.174,-239,-91,0.203,
07/03/13 07:00 PM,0.174,-241,-93,0.202,
07/03/13 08:00 PM,0.174,-244,-96,0.202,
07/03/13 09:00 PM,0.174,-246,-98,0.202,
07/03/13 10:00 PM,0.174,-248,-100,0.202,
07/03/13 11:00 PM,0.174,-251,-101,0.201,
07/04/13 12:00 AM,0.174,-253,-103,0.200,
07/04/13 01:00 AM,0.173,-256,-104,0.200,
07/04/13 02:00 AM,0.173,-258,-105,0.200,
07/04/13 03:00 AM,0.173,-258,-106,0.200,
07/04/13 04:00 AM,0.173,-261,-107,0.200,
07/04/13 05:00 AM,0.173,-263,-108,0.200,
07/04/13 06:00 AM,0.173,-266,-109,0.199,
07/04/13 07:00 AM,0.172,-268,-108,0.199,
07/04/13 08:00 AM,0.172,-268,-108,0.199,
07/04/13 09:00 AM,0.171,-271,-110,0.198,
07/04/13 10:00 AM,0.169,-271,-110,0.197,
07/04/13 11:00 AM,0.168,-271,-111,0.196,
07/04/13 12:00 PM,0.166,-271,-113,0.195,
07/04/13 01:00 PM,0.164,-273,-114,0.193,
07/04/13 02:00 PM,0.163,-273,-115,0.190,
07/04/13 03:00 PM,0.163,-273,-117,0.190,
07/04/13 04:00 PM,0.164,-273,-119,0.190,
07/04/13 05:00 PM,0.163,-273,-120,0.189,
07/04/13 06:00 PM,0.162,-276,-124,0.188,
07/04/13 07:00 PM,0.162,-279,-125,0.187,
07/04/13 08:00 PM,0.162,-279,-127,0.186,
07/04/13 09:00 PM,0.162,-281,-129,0.186,
07/04/13 10:00 PM,0.162,-284,-132,0.186,
07/04/13 11:00 PM,0.162,-287,-133,0.186,
07/05/13 12:00 AM,0.162,-290,-136,0.186,
07/05/13 01:00 AM,0.162,-292,-138,0.186,
07/05/13 02:00 AM,0.162,-295,-139,0.185,
07/05/13 03:00 AM,0.162,-295,-142,0.185,
07/05/13 04:00 AM,0.161,-298,-144,0.185,
07/05/13 05:00 AM,0.161,-301,-145,0.185,
07/05/13 06:00 AM,0.161,-304,-147,0.185,
07/05/13 07:00 AM,0.161,-307,-148,0.185,
07/05/13 08:00 AM,0.160,-307,-149,0.185,
07/05/13 09:00 AM,0.159,-310,-151,0.185,
07/05/13 10:00 AM,0.159,-307,-151,0.184,
07/05/13 11:00 AM,0.157,-310,-151,0.183,
07/05/13 12:00 PM,0.156,-310,-152,0.182,
07/05/13 01:00 PM,0.156,-313,-153,0.180,
07/05/13 02:00 PM,0.154,-313,-153,0.179,
07/05/13 03:00 PM,0.154,-310,-155,0.179,
07/05/13 04:00 PM,0.154,-307,-155,0.178,
07/05/13 05:00 PM,0.155,-307,-155,0.178,
07/05/13 06:00 PM,0.155,-310,-156,0.178,
07/05/13 07:00 PM,0.155,-310,-156,0.178,
07/05/13 08:00 PM,0.154,-313,-157,0.177,
07/05/13 09:00 PM,0.155,-316,-160,0.178,
07/05/13 10:00 PM,0.154,-316,-162,0.177,
07/05/13 11:00 PM,0.154,-319,-163,0.176,
07/06/13 12:00 AM,0.154,-322,-166,0.176,
07/06/13 01:00 AM,0.154,-325,-167,0.176,
07/06/13 02:00 AM,0.153,-329,-170,0.176,
07/06/13 03:00 AM,0.153,-329,-172,0.176,
07/06/13 04:00 AM,0.152,-335,-173,0.176,
07/06/13 05:00 AM,0.152,-335,-175,0.176,
07/06/13 06:00 AM,0.152,-338,-177,0.176,
07/06/13 07:00 AM,0.152,-338,-178,0.175,
07/06/13 08:00 AM,0.152,-342,-180,0.175,
07/06/13 09:00 AM,0.151,-345,-180,0.175,
07/06/13 10:00 AM,0.151,-345,-181,0.174,
07/06/13 11:00 AM,0.150,-345,-183,0.174,
07/06/13 12:00 PM,0.149,-345,-183,0.174,
07/06/13 01:00 PM,0.148,-345,-183,0.173,
07/06/13 02:00 PM,0.148,-345,-185,0.173,
07/06/13 03:00 PM,0.148,-342,-185,0.171,
07/06/13 04:00 PM,0.149,-338,-183,0.171,
07/06/13 05:00 PM,0.149,-335,-185,0.171,
07/06/13 06:00 PM,0.149,-335,-183,0.171,
07/06/13 07:00 PM,0.149,-338,-185,0.171,
07/06/13 08:00 PM,0.149,-338,-185,0.171,
07/06/13 09:00 PM,0.149,-342,-186,0.171,
07/06/13 10:00 PM,0.149,-345,-190,0.171,
07/06/13 11:00 PM,0.149,-349,-192,0.171,
07/07/13 12:00 AM,0.149,-352,-192,0.170,
07/07/13 01:00 AM,0.148,-352,-195,0.170,
07/07/13 02:00 AM,0.148,-359,-197,0.169,
07/07/13 03:00 AM,0.148,-363,-199,0.169,
07/07/13 04:00 AM,0.147,-366,-202,0.169,
07/07/13 05:00 AM,0.147,-370,-204,0.169,
07/07/13 06:00 AM,0.147,-374,-206,0.169,
07/07/13 07:00 AM,0.147,-378,-208,0.168,
07/07/13 08:00 AM,0.146,-378,-210,0.168,
07/07/13 09:00 AM,0.145,-381,-210,0.168,
07/07/13 10:00 AM,0.145,-381,-212,0.168,
07/07/13 11:00 AM,0.145,-385,-214,0.168,
07/07/13 12:00 PM,0.144,-381,-214,0.167,
07/07/13 01:00 PM,0.144,-378,-214,0.167,
07/07/13 02:00 PM,0.144,-378,-216,0.166,
07/07/13 03:00 PM,0.144,-374,-214,0.166,
07/07/13 04:00 PM,0.144,-370,-212,0.166,
07/07/13 05:00 PM,0.144,-366,-212,0.166,
07/07/13 06:00 PM,0.145,-363,-212,0.166,
07/07/13 07:00 PM,0.145,-366,-212,0.166,
07/07/13 08:00 PM,0.145,-366,-212,0.166,
07/07/13 09:00 PM,0.145,-370,-212,0.166,
07/07/13 10:00 PM,0.145,-374,-216,0.166,
07/07/13 11:00 PM,0.145,-374,-216,0.166,
07/08/13 12:00 AM,0.145,-378,-220,0.166,
07/08/13 01:00 AM,0.145,-381,-222,0.166,
07/08/13 02:00 AM,0.144,-385,-224,0.165,
07/08/13 03:00 AM,0.144,-389,-226,0.164,
07/08/13 04:00 AM,0.144,-393,-228,0.164,
07/08/13 05:00 AM,0.143,-397,-230,0.164,
07/08/13 06:00 AM,0.142,-401,-233,0.164,
07/08/13 07:00 AM,0.142,-401,-235,0.164,
07/08/13 08:00 AM,0.142,-405,-237,0.163,
07/08/13 09:00 AM,0.142,-405,-237,0.163,
07/08/13 10:00 AM,0.141,-405,-239,0.162,
07/08/13 11:00 AM,0.140,-405,-239,0.162,
07/08/13 12:00 PM,0.140,-401,-239,0.162,
07/08/13 01:00 PM,0.140,-397,-239,0.162,
07/08/13 02:00 PM,0.140,-397,-239,0.162,
07/08/13 03:00 PM,0.140,-393,-237,0.162,
07/08/13 04:00 PM,0.140,-389,-237,0.162,
07/08/13 05:00 PM,0.141,-385,-233,0.162,
07/08/13 06:00 PM,0.142,-381,-233,0.162,
07/08/13 07:00 PM,0.142,-385,-230,0.163,
07/08/13 08:00 PM,0.143,-385,-230,0.163,
07/08/13 09:00 PM,0.143,-389,-230,0.163,
07/08/13 10:00 PM,0.143,-393,-233,0.163,
07/08/13 11:00 PM,0.142,-393,-235,0.162,
07/09/13 12:00 AM,0.142,-397,-237,0.162,
07/09/13 01:00 AM,0.142,-401,-237,0.162,
07/09/13 02:00 AM,0.141,-401,-239,0.162,
07/09/13 03:00 AM,0.140,-405,-241,0.162,
07/09/13 04:00 AM,0.140,-409,-244,0.162,
07/09/13 05:00 AM,0.140,-409,-246,0.161,
07/09/13 06:00 AM,0.140,-413,-246,0.161,
07/09/13 07:00 AM,0.140,-418,-248,0.161,
07/09/13 08:00 AM,0.139,-418,-251,0.161,
07/09/13 09:00 AM,0.139,-418,-251,0.160,
07/09/13 10:00 AM,0.139,-422,-251,0.161,
07/09/13 11:00 AM,0.139,-418,-251,0.161,
07/09/13 12:00 PM,0.138,-418,-251,0.161,
07/09/13 01:00 PM,0.138,-413,-253,0.160,
07/09/13 02:00 PM,0.139,-413,-251,0.160,
07/09/13 03:00 PM,0.139,-413,-248,0.159,
07/09/13 04:00 PM,0.139,-405,-248,0.160,
07/09/13 05:00 PM,0.139,-405,-246,0.161,
07/09/13 06:00 PM,0.139,-405,-244,0.161,
07/09/13 07:00 PM,0.139,-405,-244,0.162,
07/09/13 08:00 PM,0.140,-405,-244,0.162,
07/09/13 09:00 PM,0.140,-409,-244,0.161,
07/09/13 10:00 PM,0.140,-413,-246,0.161,
07/09/13 11:00 PM,0.139,-413,-248,0.161,
07/10/13 12:00 AM,0.139,-418,-248,0.161,
07/10/13 01:00 AM,0.139,-418,-251,0.160,
07/10/13 02:00 AM,0.139,-422,-251,0.160,
07/10/13 03:00 AM,0.138,-422,-253,0.159,
07/10/13 04:00 AM,0.138,-426,-253,0.159,
07/10/13 05:00 AM,0.138,-426,-256,0.159,
07/10/13 06:00 AM,0.137,-431,-256,0.159,
07/10/13 07:00 AM,0.137,-431,-258,0.159,
07/10/13 08:00 AM,0.137,-431,-258,0.159,
07/10/13 09:00 AM,0.136,-435,-258,0.159,
07/10/13 10:00 AM,0.136,-435,-258,0.159,
07/10/13 11:00 AM,0.135,-435,-258,0.159,
07/10/13 12:00 PM,0.135,-431,-258,0.159,
07/10/13 01:00 PM,0.135,-431,-258,0.159,
07/10/13 02:00 PM,0.135,-426,-256,0.158,
07/10/13 03:00 PM,0.136,-422,-253,0.159,
07/10/13 04:00 PM,0.137,-413,-251,0.159,
07/10/13 05:00 PM,0.137,-409,-251,0.160,
07/10/13 06:00 PM,0.138,-409,-248,0.160,
07/10/13 07:00 PM,0.139,-409,-246,0.160,
07/10/13 08:00 PM,0.139,-409,-246,0.160,
07/10/13 09:00 PM,0.139,-413,-246,0.160,
07/10/13 10:00 PM,0.139,-413,-246,0.160,
07/10/13 11:00 PM,0.138,-418,-248,0.160,
07/11/13 12:00 AM,0.138,-422,-248,0.159,
07/11/13 01:00 AM,0.137,-426,-251,0.159,
07/11/13 02:00 AM,0.137,-426,-253,0.159,
07/11/13 03:00 AM,0.137,-431,-256,0.159,
07/11/13 04:00 AM,0.136,-435,-256,0.159,
07/11/13 05:00 AM,0.135,-435,-258,0.158,
07/11/13 06:00 AM,0.135,-435,-258,0.158,
07/11/13 07:00 AM,0.135,-439,-258,0.158,
07/11/13 08:00 AM,0.135,-444,-261,0.157,
07/11/13 09:00 AM,0.135,-439,-261,0.157,
07/11/13 10:00 AM,0.134,-439,-261,0.157,
07/11/13 11:00 AM,0.134,-439,-261,0.157,
07/11/13 12:00 PM,0.134,-435,-261,0.157,
07/11/13 01:00 PM,0.134,-435,-261,0.157,
07/11/13 02:00 PM,0.135,-422,-263,0.157,
07/11/13 03:00 PM,0.135,-409,-263,0.158,
07/11/13 04:00 PM,0.135,-409,-263,0.159,
07/11/13 05:00 PM,0.135,-413,-263,0.161,
07/11/13 06:00 PM,0.134,-448,-295,0.165,
07/11/13 07:00 PM,0.134,-467,-284,0.188,
07/11/13 08:00 PM,0.134,-467,-276,0.231,
07/11/13 09:00 PM,0.134,-462,-248,0.276,
07/11/13 10:00 PM,0.133,-458,-112,0.315,
07/11/13 11:00 PM,0.134,-458,-46,0.339,
07/12/13 12:00 AM,0.133,-458,-31,0.348,
07/12/13 01:00 AM,0.133,-453,-24,0.351,
07/12/13 02:00 AM,0.133,-453,-20,0.353,
07/12/13 03:00 AM,0.132,-453,-18,0.355,
07/12/13 04:00 AM,0.132,-453,-17,0.355,
07/12/13 05:00 AM,0.132,-453,-17,0.355,
07/12/13 06:00 AM,0.132,-453,-17,0.355,
07/12/13 07:00 AM,0.132,-448,-17,0.355,
07/12/13 08:00 AM,0.132,-448,-16,0.355,
07/12/13 09:00 AM,0.131,-448,-16,0.355,
07/12/13 10:00 AM,0.131,-444,-16,0.355,
07/12/13 11:00 AM,0.132,-444,-16,0.354,
07/12/13 12:00 PM,0.132,-439,-16,0.353,
07/12/13 01:00 PM,0.133,-435,-16,0.353,
07/12/13 02:00 PM,0.134,-431,-16,0.351,
07/12/13 03:00 PM,0.134,-422,-17,0.350,
07/12/13 04:00 PM,0.135,-418,-17,0.349,
07/12/13 05:00 PM,0.135,-413,-17,0.348,
07/12/13 06:00 PM,0.135,-409,-17,0.346,
07/12/13 07:00 PM,0.136,-405,-17,0.345,
07/12/13 08:00 PM,0.137,-401,-17,0.343,
07/12/13 09:00 PM,0.137,-401,-17,0.343,
07/12/13 10:00 PM,0.137,-397,-17,0.342,
07/12/13 11:00 PM,0.137,-397,-18,0.342,
07/13/13 12:00 AM,0.137,-401,-18,0.341,
07/13/13 01:00 AM,0.137,-401,-18,0.341,
07/13/13 02:00 AM,0.137,-401,-18,0.340,
07/13/13 03:00 AM,0.136,-401,-18,0.339,
07/13/13 04:00 AM,0.136,-401,-18,0.338,
07/13/13 05:00 AM,0.135,-401,-18,0.338,
07/13/13 06:00 AM,0.135,-401,-19,0.338,
07/13/13 07:00 AM,0.136,-401,-19,0.337,
07/13/13 08:00 AM,0.136,-401,-19,0.336,
07/13/13 09:00 AM,0.137,-401,-19,0.336,
07/13/13 10:00 AM,0.136,-397,-19,0.333,
07/13/13 11:00 AM,0.136,-393,-19,0.331,
07/13/13 12:00 PM,0.137,-393,-20,0.328,
07/13/13 01:00 PM,0.137,-393,-20,0.325,
07/13/13 02:00 PM,0.138,-385,-21,0.319,
07/13/13 03:00 PM,0.139,-378,-22,0.312,
07/13/13 04:00 PM,0.140,-370,-23,0.304,
07/13/13 05:00 PM,0.142,-363,-24,0.298,
07/13/13 06:00 PM,0.143,-359,-26,0.293,
07/13/13 07:00 PM,0.144,-356,-28,0.289,
07/13/13 08:00 PM,0.145,-352,-29,0.283,
07/13/13 09:00 PM,0.145,-356,-31,0.281,
07/13/13 10:00 PM,0.145,-356,-32,0.279,
07/13/13 11:00 PM,0.144,-359,-33,0.278,
07/14/13 12:00 AM,0.144,-359,-34,0.276,
07/14/13 01:00 AM,0.143,-363,-35,0.275,
07/14/13 02:00 AM,0.142,-363,-36,0.275,
07/14/13 03:00 AM,0.142,-366,-37,0.273,
07/14/13 04:00 AM,0.142,-370,-38,0.271,
07/14/13 05:00 AM,0.142,-370,-38,0.271,
07/14/13 06:00 AM,0.142,-374,-39,0.270,
07/14/13 07:00 AM,0.142,-378,-39,0.270,
07/14/13 08:00 AM,0.141,-374,-40,0.268,
07/14/13 09:00 AM,0.141,-378,-40,0.266,
07/14/13 10:00 AM,0.140,-381,-41,0.263,
07/14/13 11:00 AM,0.140,-378,-42,0.258,
07/14/13 12:00 PM,0.140,-378,-43,0.252,
07/14/13 01:00 PM,0.140,-378,-45,0.245,
07/14/13 02:00 PM,0.141,-378,-46,0.236,
07/14/13 03:00 PM,0.142,-374,-48,0.227,
07/14/13 04:00 PM,0.143,-363,-50,0.220,
07/14/13 05:00 PM,0.144,-356,-52,0.217,
07/14/13 06:00 PM,0.145,-356,-55,0.213,
07/14/13 07:00 PM,0.145,-352,-57,0.209,
07/14/13 08:00 PM,0.145,-352,-59,0.206,
07/14/13 09:00 PM,0.145,-356,-61,0.205,
07/14/13 10:00 PM,0.145,-356,-63,0.204,
07/14/13 11:00 PM,0.145,-359,-64,0.203,
07/15/13 12:00 AM,0.145,-359,-65,0.203,
07/15/13 01:00 AM,0.145,-363,-66,0.202,
07/15/13 02:00 AM,0.144,-366,-68,0.202,
07/15/13 03:00 AM,0.144,-370,-69,0.202,
07/15/13 04:00 AM,0.143,-374,-70,0.201,
07/15/13 05:00 AM,0.142,-378,-71,0.200,
07/15/13 06:00 AM,0.142,-381,-72,0.200,
07/15/13 07:00 AM,0.142,-385,-73,0.200,
07/15/13 08:00 AM,0.142,-385,-73,0.200,
07/15/13 09:00 AM,0.141,-385,-74,0.199,
07/15/13 10:00 AM,0.141,-389,-75,0.198,
07/15/13 11:00 AM,0.140,-389,-76,0.198,
07/15/13 12:00 PM,0.140,-393,-77,0.197,
07/15/13 01:00 PM,0.140,-393,-78,0.196,
07/15/13 02:00 PM,0.140,-393,-79,0.196,
07/15/13 03:00 PM,0.140,-397,-80,0.196,
07/15/13 04:00 PM,0.140,-397,-81,0.196,
07/15/13 05:00 PM,0.140,-401,-83,0.195,
07/15/13 06:00 PM,0.140,-401,-84,0.194,
07/15/13 07:00 PM,0.140,-397,-86,0.194,
07/15/13 08:00 PM,0.140,-397,-87,0.194,
07/15/13 09:00 PM,0.140,-401,-88,0.193,
07/15/13 10:00 PM,0.140,-401,-90,0.193,
07/15/13 11:00 PM,0.140,-405,-90,0.193,
07/16/13 12:00 AM,0.140,-405,-92,0.193,
07/16/13 01:00 AM,0.140,-405,-93,0.193,
07/16/13 02:00 AM,0.139,-409,-94,0.193,
07/16/13 03:00 AM,0.140,-409,-94,0.192,
07/16/13 04:00 AM,0.139,-413,-96,0.192,
07/16/13 05:00 AM,0.139,-413,-96,0.191,
07/16/13 06:00 AM,0.139,-413,-97,0.191,
07/16/13 07:00 AM,0.139,-418,-97,0.191,
07/16/13 08:00 AM,0.139,-418,-98,0.191,
07/16/13 09:00 AM,0.139,-418,-99,0.191,
07/16/13 10:00 AM,0.139,-418,-100,0.190,
07/16/13 11:00 AM,0.138,-418,-101,0.189,
07/16/13 12:00 PM,0.138,-418,-102,0.187,
07/16/13 01:00 PM,0.138,-418,-103,0.186,
07/16/13 02:00 PM,0.138,-418,-105,0.186,
07/16/13 03:00 PM,0.139,-418,-106,0.186,
07/16/13 04:00 PM,0.139,-418,-108,0.186,
07/16/13 05:00 PM,0.139,-413,-111,0.186,
07/16/13 06:00 PM,0.139,-413,-113,0.185,
07/16/13 07:00 PM,0.139,-413,-114,0.185,
07/16/13 08:00 PM,0.139,-413,-115,0.185,
07/16/13 09:00 PM,0.139,-418,-117,0.185,
07/16/13 10:00 PM,0.139,-418,-118,0.185,
07/16/13 11:00 PM,0.139,-418,-119,0.185,
07/17/13 12:00 AM,0.139,-418,-121,0.185,
07/17/13 01:00 AM,0.138,-422,-121,0.185,
07/17/13 02:00 AM,0.138,-422,-124,0.185,
07/17/13 03:00 AM,0.137,-422,-125,0.185,
07/17/13 04:00 AM,0.138,-422,-126,0.185,
07/17/13 05:00 AM,0.137,-422,-127,0.185,
07/17/13 06:00 AM,0.137,-422,-127,0.185,
07/17/13 07:00 AM,0.137,-426,-128,0.185,
07/17/13 08:00 AM,0.137,-426,-129,0.185,
07/17/13 09:00 AM,0.137,-426,-129,0.185,
07/17/13 10:00 AM,0.136,-435,-130,0.185,
07/17/13 11:00 AM,0.135,-444,-131,0.185,
07/17/13 12:00 PM,0.135,-458,-132,0.185,
07/17/13 01:00 PM,0.135,-467,-135,0.186,
07/17/13 02:00 PM,0.135,-472,-137,0.186,
07/17/13 03:00 PM,0.135,-467,-139,0.190,
07/17/13 04:00 PM,0.136,-82,-144,0.209,
07/17/13 05:00 PM,0.139,-15,-144,0.270,
07/17/13 06:00 PM,0.253,-15,-132,0.347,
07/17/13 07:00 PM,0.381,-15,-59,0.373,
07/17/13 08:00 PM,0.390,-15,-31,0.373,
07/17/13 09:00 PM,0.392,-15,-21,0.374,
07/17/13 10:00 PM,0.393,-15,-18,0.374,
07/17/13 11:00 PM,0.393,-15,-16,0.375,
07/18/13 12:00 AM,0.393,-15,-15,0.375,
07/18/13 01:00 AM,0.393,-15,-15,0.375,
07/18/13 02:00 AM,0.393,-15,-15,0.375,
07/18/13 03:00 AM,0.393,-15,-15,0.375,
07/18/13 04:00 AM,0.392,-15,-15,0.375,
07/18/13 05:00 AM,0.392,-15,-15,0.375,
07/18/13 06:00 AM,0.391,-15,-15,0.375,
07/18/13 07:00 AM,0.391,-15,-15,0.375,
07/18/13 08:00 AM,0.391,-16,-15,0.375,
07/18/13 09:00 AM,0.391,-15,-15,0.375,
07/18/13 10:00 AM,0.391,-15,-15,0.375,
07/18/13 11:00 AM,0.391,-15,-15,0.375,
07/18/13 12:00 PM,0.391,-15,-15,0.375,
07/18/13 01:00 PM,0.392,-15,-15,0.376,
07/18/13 02:00 PM,0.393,-15,-15,0.377,
07/18/13 03:00 PM,0.393,-15,-15,0.377,
07/18/13 04:00 PM,0.393,-15,-15,0.377,
07/18/13 05:00 PM,0.393,-15,-15,0.377,
07/18/13 06:00 PM,0.392,-15,-15,0.377,
07/18/13 07:00 PM,0.391,-15,-15,0.376,
07/18/13 08:00 PM,0.391,-15,-15,0.376,
07/18/13 09:00 PM,0.390,-15,-15,0.376,
07/18/13 10:00 PM,0.389,-15,-14,0.376,
07/18/13 11:00 PM,0.389,-15,-15,0.376,
07/19/13 12:00 AM,0.389,-15,-15,0.376,
07/19/13 01:00 AM,0.389,-15,-15,0.376,
07/19/13 02:00 AM,0.389,-15,-15,0.375,
07/19/13 03:00 AM,0.389,-15,-15,0.375,
07/19/13 04:00 AM,0.388,-16,-15,0.375,
07/19/13 05:00 AM,0.388,-16,-15,0.375,
07/19/13 06:00 AM,0.387,-16,-15,0.374,
07/19/13 07:00 AM,0.387,-16,-15,0.374,
07/19/13 08:00 AM,0.386,-16,-15,0.374,
07/19/13 09:00 AM,0.386,-16,-15,0.373,
07/19/13 10:00 AM,0.386,-16,-15,0.373,
07/19/13 11:00 AM,0.385,-16,-15,0.373,
07/19/13 12:00 PM,0.384,-16,-15,0.373,
07/19/13 01:00 PM,0.384,-16,-15,0.373,
07/19/13 02:00 PM,0.383,-16,-15,0.372,
07/19/13 03:00 PM,0.384,-16,-14,0.383,
07/19/13 04:00 PM,0.396,-14,-12,0.422,
07/19/13 05:00 PM,0.403,-14,-12,0.412,
07/19/13 06:00 PM,0.404,-14,-12,0.409,
07/19/13 07:00 PM,0.404,-14,-12,0.407,
07/19/13 08:00 PM,0.404,-14,-12,0.406,
07/19/13 09:00 PM,0.404,-14,-12,0.405,
07/19/13 10:00 PM,0.403,-15,-12,0.404,
07/19/13 11:00 PM,0.403,-14,-12,0.403,
07/20/13 12:00 AM,0.403,-14,-12,0.402,
07/20/13 01:00 AM,0.403,-14,-12,0.402,
07/20/13 02:00 AM,0.403,-14,-12,0.401,
07/20/13 03:00 AM,0.403,-14,-12,0.400,
07/20/13 04:00 AM,0.403,-14,-12,0.400,
07/20/13 05:00 AM,0.403,-14,-12,0.400,
07/20/13 06:00 AM,0.403,-14,-12,0.400,
07/20/13 07:00 AM,0.403,-14,-12,0.400,
07/20/13 08:00 AM,0.403,-14,-12,0.399,
07/20/13 09:00 AM,0.402,-14,-12,0.399,
07/20/13 10:00 AM,0.402,-14,-12,0.398,
07/20/13 11:00 AM,0.401,-14,-12,0.398,
07/20/13 12:00 PM,0.401,-14,-12,0.397,
07/20/13 01:00 PM,0.401,-14,-12,0.397,
07/20/13 02:00 PM,0.400,-14,-12,0.395,
07/20/13 03:00 PM,0.400,-14,-12,0.394,
07/20/13 04:00 PM,0.398,-14,-12,0.394,
07/20/13 05:00 PM,0.396,-14,-12,0.393,
07/20/13 06:00 PM,0.396,-14,-12,0.393,
07/20/13 07:00 PM,0.396,-14,-12,0.393,
07/20/13 08:00 PM,0.396,-14,-12,0.392,
07/20/13 09:00 PM,0.396,-14,-12,0.391,
07/20/13 10:00 PM,0.395,-14,-12,0.391,
07/20/13 11:00 PM,0.395,-14,-13,0.390,
07/21/13 12:00 AM,0.395,-14,-13,0.390,
07/21/13 01:00 AM,0.394,-15,-13,0.389,
07/21/13 02:00 AM,0.394,-15,-13,0.389,
07/21/13 03:00 AM,0.394,-15,-13,0.389,
07/21/13 04:00 AM,0.394,-15,-13,0.389,
07/21/13 05:00 AM,0.394,-15,-13,0.389,
07/21/13 06:00 AM,0.394,-15,-13,0.388,
07/21/13 07:00 AM,0.394,-15,-13,0.388,
07/21/13 08:00 AM,0.394,-15,-13,0.388,
07/21/13 09:00 AM,0.394,-15,-13,0.387,
07/21/13 10:00 AM,0.394,-15,-13,0.387,
07/21/13 11:00 AM,0.393,-15,-13,0.387,
07/21/13 12:00 PM,0.393,-15,-13,0.386,
07/21/13 01:00 PM,0.393,-15,-13,0.385,
07/21/13 02:00 PM,0.391,-15,-13,0.384,
07/21/13 03:00 PM,0.389,-15,-13,0.383,
07/21/13 04:00 PM,0.389,-15,-13,0.383,
07/21/13 05:00 PM,0.387,-15,-14,0.383,
07/21/13 06:00 PM,0.385,-15,-14,0.381,
07/21/13 07:00 PM,0.383,-15,-14,0.380,
07/21/13 08:00 PM,0.382,-16,-14,0.380,
07/21/13 09:00 PM,0.381,-16,-14,0.380,
07/21/13 10:00 PM,0.380,-16,-14,0.379,
07/21/13 11:00 PM,0.379,-16,-14,0.379,
07/22/13 12:00 AM,0.379,-16,-14,0.379,
07/22/13 01:00 AM,0.379,-16,-14,0.378,
07/22/13 02:00 AM,0.378,-16,-14,0.377,
07/22/13 03:00 AM,0.377,-16,-14,0.377,
07/22/13 04:00 AM,0.377,-16,-14,0.377,
07/22/13 05:00 AM,0.377,-16,-14,0.377,
07/22/13 06:00 AM,0.377,-16,-14,0.377,
07/22/13 07:00 AM,0.377,-16,-14,0.377,
07/22/13 08:00 AM,0.376,-16,-14,0.376,
07/22/13 09:00 AM,0.376,-16,-15,0.376,
07/22/13 10:00 AM,0.376,-16,-15,0.375,
07/22/13 11:00 AM,0.375,-16,-15,0.374,
07/22/13 12:00 PM,0.374,-16,-15,0.373,
07/22/13 01:00 PM,0.372,-17,-15,0.372,
07/22/13 02:00 PM,0.372,-17,-15,0.372,
07/22/13 03:00 PM,0.370,-17,-15,0.372,
07/22/13 04:00 PM,0.369,-17,-15,0.372,
07/22/13 05:00 PM,0.367,-16,-15,0.373,
07/22/13 06:00 PM,0.454,-14,-13,0.402,
07/22/13 07:00 PM,0.497,-14,-12,0.431,
07/22/13 08:00 PM,0.498,-14,-12,0.474,
07/22/13 09:00 PM,0.499,-14,-12,0.474,
07/22/13 10:00 PM,0.500,-14,-12,0.476,
07/22/13 11:00 PM,0.501,-14,-12,0.476,
07/23/13 12:00 AM,0.502,-14,-12,0.477,
07/23/13 01:00 AM,0.502,-14,-12,0.478,
07/23/13 02:00 AM,0.501,-14,-12,0.478,
07/23/13 03:00 AM,0.501,-14,-12,0.478,
07/23/13 04:00 AM,0.501,-14,-12,0.478,
07/23/13 05:00 AM,0.502,-14,-12,0.479,
07/23/13 06:00 AM,0.502,-14,-12,0.479,
07/23/13 07:00 AM,0.502,-14,-12,0.479,
07/23/13 08:00 AM,0.502,-14,-12,0.479,
07/23/13 09:00 AM,0.502,-14,-12,0.479,
07/23/13 10:00 AM,0.502,-14,-12,0.480,
07/23/13 11:00 AM,0.502,-14,-12,0.480,
07/23/13 12:00 PM,0.502,-14,-12,0.480,
07/23/13 01:00 PM,0.503,-14,-12,0.480,
07/23/13 02:00 PM,0.503,-14,-12,0.480,
07/23/13 03:00 PM,0.504,-14,-12,0.479,
07/23/13 04:00 PM,0.504,-14,-12,0.479,
07/23/13 05:00 PM,0.505,-14,-12,0.479,
07/23/13 06:00 PM,0.505,-14,-11,0.479,
07/23/13 07:00 PM,0.505,-14,-11,0.478,
07/23/13 08:00 PM,0.505,-14,-11,0.478,
07/23/13 09:00 PM,0.505,-14,-11,0.478,
07/23/13 10:00 PM,0.505,-14,-11,0.478,
07/23/13 11:00 PM,0.505,-14,-11,0.478,
07/24/13 12:00 AM,0.505,-14,-11,0.478,
07/24/13 01:00 AM,0.504,-14,-11,0.478,
07/24/13 02:00 AM,0.504,-14,-11,0.478,
07/24/13 03:00 AM,0.502,-14,-11,0.478,
07/24/13 04:00 AM,0.502,-14,-11,0.477,
07/24/13 05:00 AM,0.502,-14,-11,0.477,
07/24/13 06:00 AM,0.502,-14,-11,0.477,
07/24/13 07:00 AM,0.502,-14,-11,0.476,
07/24/13 08:00 AM,0.502,-14,-11,0.476,
07/24/13 09:00 AM,0.501,-14,-11,0.476,
07/24/13 10:00 AM,0.500,-14,-11,0.476,
07/24/13 11:00 AM,0.500,-14,-11,0.476,
07/24/13 12:00 PM,0.500,-14,-11,0.476,
07/24/13 01:00 PM,0.500,-14,-11,0.476,
07/24/13 02:00 PM,0.500,-14,-11,0.476,
07/24/13 03:00 PM,0.498,-14,-11,0.474,
07/24/13 04:00 PM,0.498,-13,-11,0.474,
07/24/13 05:00 PM,0.498,-13,-11,0.471,
07/24/13 06:00 PM,0.498,-13,-11,0.468,
07/24/13 07:00 PM,0.498,-13,-11,0.466,
07/24/13 08:00 PM,0.498,-13,-11,0.464,
07/24/13 09:00 PM,0.498,-13,-11,0.462,
07/24/13 10:00 PM,0.498,-13,-11,0.461,
07/24/13 11:00 PM,0.497,-14,-11,0.459,
07/25/13 12:00 AM,0.497,-14,-11,0.457,
07/25/13 01:00 AM,0.496,-14,-11,0.456,
07/25/13 02:00 AM,0.496,-14,-11,0.454,
07/25/13 03:00 AM,0.496,-14,-11,0.452,
07/25/13 04:00 AM,0.485,-14,-11,0.451,
07/25/13 05:00 AM,0.481,-14,-11,0.451,
07/25/13 06:00 AM,0.480,-14,-11,0.450,
07/25/13 07:00 AM,0.479,-14,-11,0.449,
07/25/13 08:00 AM,0.479,-14,-11,0.447,
07/25/13 09:00 AM,0.478,-14,-11,0.447,
07/25/13 10:00 AM,0.477,-14,-11,0.447,
07/25/13 11:00 AM,0.475,-14,-11,0.445,
07/25/13 12:00 PM,0.474,-14,-11,0.444,
07/25/13 01:00 PM,0.471,-14,-11,0.444,
07/25/13 02:00 PM,0.470,-13,-11,0.442,
07/25/13 03:00 PM,0.467,-13,-11,0.440,
07/25/13 04:00 PM,0.461,-13,-11,0.439,
07/25/13 05:00 PM,0.460,-13,-11,0.436,
07/25/13 06:00 PM,0.458,-13,-11,0.434,
07/25/13 07:00 PM,0.457,-13,-11,0.434,
07/25/13 08:00 PM,0.456,-13,-11,0.428,
07/25/13 09:00 PM,0.454,-13,-11,0.427,
07/25/13 10:00 PM,0.454,-13,-11,0.427,
07/25/13 11:00 PM,0.453,-13,-11,0.427,
07/26/13 12:00 AM,0.452,-13,-11,0.426,
07/26/13 01:00 AM,0.451,-13,-11,0.426,
07/26/13 02:00 AM,0.451,-13,-11,0.425,
07/26/13 03:00 AM,0.451,-13,-11,0.425,
07/26/13 04:00 AM,0.451,-13,-11,0.424,
07/26/13 05:00 AM,0.450,-13,-11,0.423,
07/26/13 06:00 AM,0.449,-13,-11,0.423,
07/26/13 07:00 AM,0.449,-13,-11,0.423,
07/26/13 08:00 AM,0.448,-13,-11,0.423,
07/26/13 09:00 AM,0.447,-13,-11,0.423,
07/26/13 10:00 AM,0.447,-13,-11,0.423,
07/26/13 11:00 AM,0.446,-13,-11,0.423,
07/26/13 12:00 PM,0.445,-13,-11,0.422,
07/26/13 01:00 PM,0.444,-13,-11,0.422,
07/26/13 02:00 PM,0.444,-13,-11,0.421,
07/26/13 03:00 PM,0.441,-13,-11,0.420,
07/26/13 04:00 PM,0.463,-13,-11,0.431,
07/26/13 05:00 PM,0.483,-13,-11,0.440,
07/26/13 06:00 PM,0.483,-13,-11,0.439,
07/26/13 07:00 PM,0.485,-13,-11,0.440,
07/26/13 08:00 PM,0.485,-13,-11,0.441,
07/26/13 09:00 PM,0.485,-13,-11,0.444,
07/26/13 10:00 PM,0.486,-13,-11,0.444,
07/26/13 11:00 PM,0.488,-13,-11,0.445,
07/27/13 12:00 AM,0.488,-13,-11,0.445,
07/27/13 01:00 AM,0.488,-13,-11,0.445,
07/27/13 02:00 AM,0.488,-13,-11,0.446,
07/27/13 03:00 AM,0.488,-13,-11,0.446,
07/27/13 04:00 AM,0.488,-13,-11,0.446,
07/27/13 05:00 AM,0.488,-13,-11,0.447,
07/27/13 06:00 AM,0.488,-13,-11,0.447,
07/27/13 07:00 AM,0.488,-13,-11,0.447,
07/27/13 08:00 AM,0.489,-13,-11,0.447,
07/27/13 09:00 AM,0.489,-13,-11,0.447,
07/27/13 10:00 AM,0.490,-13,-11,0.447,
07/27/13 11:00 AM,0.490,-13,-11,0.447,
07/27/13 12:00 PM,0.490,-13,-11,0.447,
07/27/13 01:00 PM,0.490,-13,-11,0.447,
07/27/13 02:00 PM,0.490,-13,-11,0.447,
07/27/13 03:00 PM,0.491,-13,-11,0.447,
07/27/13 04:00 PM,0.492,-13,-11,0.447,
07/27/13 05:00 PM,0.492,-13,-11,0.447,
07/27/13 06:00 PM,0.492,-13,-11,0.447,
07/27/13 07:00 PM,0.493,-13,-11,0.447,
07/27/13 08:00 PM,0.491,-13,-11,0.447,
07/27/13 09:00 PM,0.491,-13,-11,0.447,
07/27/13 10:00 PM,0.491,-13,-11,0.447,
07/27/13 11:00 PM,0.491,-13,-11,0.447,
07/28/13 12:00 AM,0.491,-13,-11,0.447,
07/28/13 01:00 AM,0.491,-13,-12,0.447,
07/28/13 02:00 AM,0.491,-13,-12,0.447,
07/28/13 03:00 AM,0.491,-13,-12,0.447,
07/28/13 04:00 AM,0.491,-13,-12,0.447,
07/28/13 05:00 AM,0.491,-13,-12,0.447,
07/28/13 06:00 AM,0.491,-13,-12,0.447,
07/28/13 07:00 AM,0.491,-13,-12,0.447,
07/28/13 08:00 AM,0.491,-13,-11,0.447,
07/28/13 09:00 AM,0.492,-13,-11,0.447,
07/28/13 10:00 AM,0.492,-13,-11,0.447,
07/28/13 11:00 AM,0.492,-13,-11,0.447,
07/28/13 12:00 PM,0.492,-13,-11,0.447,
07/28/13 01:00 PM,0.493,-13,-11,0.446,
07/28/13 02:00 PM,0.493,-13,-11,0.446,
07/28/13 03:00 PM,0.493,-13,-11,0.445,
07/28/13 04:00 PM,0.493,-13,-11,0.445,
07/28/13 05:00 PM,0.493,-13,-11,0.444,
07/28/13 06:00 PM,0.494,-13,-11,0.444,
07/28/13 07:00 PM,0.494,-13,-11,0.444,
07/28/13 08:00 PM,0.493,-13,-11,0.443,
07/28/13 09:00 PM,0.493,-13,-11,0.444,
07/28/13 10:00 PM,0.493,-13,-11,0.444,
07/28/13 11:00 PM,0.493,-13,-11,0.444,
07/29/13 12:00 AM,0.495,-13,-11,0.447,
07/29/13 01:00 AM,0.496,-13,-11,0.447,
07/29/13 02:00 AM,0.494,-13,-11,0.447,
07/29/13 03:00 AM,0.494,-13,-11,0.447,
07/29/13 04:00 AM,0.494,-13,-11,0.447,
07/29/13 05:00 AM,0.493,-13,-11,0.447,
07/29/13 06:00 AM,0.493,-13,-11,0.447,
07/29/13 07:00 AM,0.494,-13,-11,0.447,
07/29/13 08:00 AM,0.494,-13,-11,0.448,
07/29/13 09:00 AM,0.494,-13,-11,0.448,
07/29/13 10:00 AM,0.494,-13,-11,0.449,
07/29/13 11:00 AM,0.494,-13,-11,0.448,
07/29/13 12:00 PM,0.494,-13,-11,0.448,
07/29/13 01:00 PM,0.495,-13,-11,0.447,
07/29/13 02:00 PM,0.495,-13,-11,0.447,
07/29/13 03:00 PM,0.495,-13,-11,0.447,
07/29/13 04:00 PM,0.495,-13,-11,0.446,
07/29/13 05:00 PM,0.495,-13,-11,0.445,
07/29/13 06:00 PM,0.495,-13,-11,0.445,
07/29/13 07:00 PM,0.495,-13,-11,0.445,
07/29/13 08:00 PM,0.495,-13,-11,0.445,
07/29/13 09:00 PM,0.495,-13,-11,0.445,
07/29/13 10:00 PM,0.495,-13,-11,0.445,
07/29/13 11:00 PM,0.495,-13,-11,0.445,
07/30/13 12:00 AM,0.495,-13,-11,0.445,
07/30/13 01:00 AM,0.495,-13,-11,0.445,
07/30/13 02:00 AM,0.495,-13,-11,0.445,
07/30/13 03:00 AM,0.495,-13,-11,0.445,
07/30/13 04:00 AM,0.494,-13,-11,0.445,
07/30/13 05:00 AM,0.495,-13,-11,0.445,
07/30/13 06:00 AM,0.494,-13,-11,0.445,
07/30/13 07:00 AM,0.494,-13,-11,0.445,
07/30/13 08:00 AM,0.494,-13,-11,0.445,
07/30/13 09:00 AM,0.495,-13,-11,0.445,
07/30/13 10:00 AM,0.493,-13,-11,0.445,
07/30/13 11:00 AM,0.491,-13,-11,0.445,
07/30/13 12:00 PM,0.491,-13,-11,0.445,
07/30/13 01:00 PM,0.491,-13,-11,0.445,
07/30/13 02:00 PM,0.490,-13,-11,0.444,
07/30/13 03:00 PM,0.489,-13,-11,0.444,
07/30/13 04:00 PM,0.489,-13,-11,0.442,
07/30/13 05:00 PM,0.488,-12,-11,0.442,
07/30/13 06:00 PM,0.488,-12,-11,0.442,
07/30/13 07:00 PM,0.486,-12,-11,0.441,
07/30/13 08:00 PM,0.483,-12,-11,0.441,
07/30/13 09:00 PM,0.481,-12,-11,0.440,
07/30/13 10:00 PM,0.481,-12,-11,0.440,
07/30/13 11:00 PM,0.481,-12,-11,0.440,
07/31/13 12:00 AM,0.481,-13,-11,0.441,
07/31/13 01:00 AM,0.480,-13,-11,0.441,
07/31/13 02:00 AM,0.479,-13,-11,0.441,
07/31/13 03:00 AM,0.479,-13,-11,0.440,
07/31/13 04:00 AM,0.479,-13,-11,0.440,
07/31/13 05:00 AM,0.478,-13,-11,0.440,
07/31/13 06:00 AM,0.478,-13,-11,0.440,
07/31/13 07:00 AM,0.478,-13,-11,0.440,
07/31/13 08:00 AM,0.478,-13,-11,0.440,
07/31/13 09:00 AM,0.477,-13,-11,0.440,
07/31/13 10:00 AM,0.476,-13,-11,0.440,
07/31/13 11:00 AM,0.473,-13,-11,0.440,
07/31/13 12:00 PM,0.472,-13,-11,0.440,
07/31/13 01:00 PM,0.470,-13,-11,0.440,
07/31/13 02:00 PM,0.468,-13,-11,0.440,
07/31/13 03:00 PM,0.467,-12,-11,0.439,
07/31/13 04:00 PM,0.463,-12,-11,0.438,
07/31/13 05:00 PM,0.460,-12,-11,0.437,
07/31/13 06:00 PM,0.458,-12,-11,0.431,
07/31/13 07:00 PM,0.457,-12,-11,0.430,
07/31/13 08:00 PM,0.457,-12,-10,0.430,
07/31/13 09:00 PM,0.456,-12,-10,0.429,
07/31/13 10:00 PM,0.454,-12,-11,0.429,
07/31/13 11:00 PM,0.454,-12,-11,0.428,
08/01/13 12:00 AM,0.454,-12,-11,0.428,
08/01/13 01:00 AM,0.454,-12,-11,0.428,
08/01/13 02:00 AM,0.453,-12,-11,0.428,
08/01/13 03:00 AM,0.453,-12,-11,0.428,
08/01/13 04:00 AM,0.452,-12,-11,0.428,
08/01/13 05:00 AM,0.452,-12,-11,0.428,
08/01/13 06:00 AM,0.452,-13,-11,0.428,
08/01/13 07:00 AM,0.452,-13,-11,0.427,
08/01/13 08:00 AM,0.451,-13,-11,0.427,
08/01/13 09:00 AM,0.451,-12,-11,0.427,
08/01/13 10:00 AM,0.451,-12,-11,0.427,
08/01/13 11:00 AM,0.451,-12,-11,0.427,
08/01/13 12:00 PM,0.450,-12,-11,0.427,
08/01/13 01:00 PM,0.449,-12,-11,0.426,
08/01/13 02:00 PM,0.447,-12,-11,0.425,
08/01/13 03:00 PM,0.445,-12,-11,0.424,
08/01/13 04:00 PM,0.444,-12,-11,0.423,
08/01/13 05:00 PM,0.441,-12,-11,0.423,
08/01/13 06:00 PM,0.440,-12,-11,0.422,
08/01/13 07:00 PM,0.439,-12,-11,0.422,
08/01/13 08:00 PM,0.437,-12,-11,0.422,
08/01/13 09:00 PM,0.437,-12,-11,0.420,
08/01/13 10:00 PM,0.435,-12,-11,0.420,
08/01/13 11:00 PM,0.434,-12,-11,0.420,
08/02/13 12:00 AM,0.434,-12,-11,0.420,
08/02/13 01:00 AM,0.434,-12,-11,0.420,
08/02/13 02:00 AM,0.434,-12,-11,0.420,
08/02/13 03:00 AM,0.433,-12,-11,0.420,
08/02/13 04:00 AM,0.432,-12,-11,0.420,
08/02/13 05:00 AM,0.432,-12,-11,0.420,
08/02/13 06:00 AM,0.431,-12,-11,0.420,
08/02/13 07:00 AM,0.431,-12,-11,0.420,
08/02/13 08:00 AM,0.430,-12,-11,0.420,
08/02/13 09:00 AM,0.430,-12,-11,0.420,
08/02/13 10:00 AM,0.430,-12,-11,0.420,
08/02/13 11:00 AM,0.429,-12,-11,0.420,
08/02/13 12:00 PM,0.428,-12,-11,0.420,
08/02/13 01:00 PM,0.426,-12,-11,0.420,
08/02/13 02:00 PM,0.424,-12,-11,0.419,
08/02/13 03:00 PM,0.423,-13,-11,0.418,
08/02/13 04:00 PM,0.421,-13,-11,0.417,
08/02/13 05:00 PM,0.418,-13,-11,0.417,
08/02/13 06:00 PM,0.417,-13,-11,0.417,
08/02/13 07:00 PM,0.415,-13,-11,0.417,
08/02/13 08:00 PM,0.413,-13,-11,0.417,
08/02/13 09:00 PM,0.412,-13,-11,0.416,
08/02/13 10:00 PM,0.411,-13,-11,0.415,
08/02/13 11:00 PM,0.410,-13,-11,0.416,
08/03/13 12:00 AM,0.409,-13,-11,0.416,
08/03/13 01:00 AM,0.408,-13,-11,0.415,
08/03/13 02:00 AM,0.407,-13,-11,0.415,
08/03/13 03:00 AM,0.406,-13,-11,0.415,
08/03/13 04:00 AM,0.406,-13,-11,0.415,
08/03/13 05:00 AM,0.406,-13,-11,0.415,
08/03/13 06:00 AM,0.405,-13,-11,0.414,
08/03/13 07:00 AM,0.404,-14,-11,0.413,
08/03/13 08:00 AM,0.403,-14,-11,0.413,
08/03/13 09:00 AM,0.403,-14,-11,0.413,
08/03/13 10:00 AM,0.402,-14,-11,0.413,
08/03/13 11:00 AM,0.401,-14,-11,0.413,
08/03/13 12:00 PM,0.400,-14,-11,0.413,
08/03/13 01:00 PM,0.399,-14,-11,0.412,
08/03/13 02:00 PM,0.396,-14,-12,0.412,
08/03/13 03:00 PM,0.394,-14,-12,0.412,
08/03/13 04:00 PM,0.393,-15,-12,0.411,
08/03/13 05:00 PM,0.390,-15,-12,0.409,
08/03/13 06:00 PM,0.388,-15,-12,0.408,
08/03/13 07:00 PM,0.385,-15,-12,0.407,
08/03/13 08:00 PM,0.383,-16,-12,0.406,
08/03/13 09:00 PM,0.381,-16,-13,0.406,
08/03/13 10:00 PM,0.379,-16,-13,0.406,
08/03/13 11:00 PM,0.377,-16,-13,0.405,
08/04/13 12:00 AM,0.376,-16,-13,0.405,
08/04/13 01:00 AM,0.375,-16,-13,0.405,
08/04/13 02:00 AM,0.373,-16,-13,0.404,
08/04/13 03:00 AM,0.372,-17,-13,0.403,
08/04/13 04:00 AM,0.371,-17,-13,0.403,
08/04/13 05:00 AM,0.370,-17,-13,0.403,
08/04/13 06:00 AM,0.369,-17,-13,0.403,
08/04/13 07:00 AM,0.368,-17,-13,0.402,
08/04/13 08:00 AM,0.367,-17,-13,0.402,
08/04/13 09:00 AM,0.366,-17,-13,0.401,
08/04/13 10:00 AM,0.366,-17,-13,0.401,
08/04/13 11:00 AM,0.364,-17,-13,0.400,
08/04/13 12:00 PM,0.362,-18,-13,0.400,
08/04/13 01:00 PM,0.361,-18,-14,0.400,
08/04/13 02:00 PM,0.360,-18,-14,0.400,
08/04/13 03:00 PM,0.359,-18,-14,0.400,
08/04/13 04:00 PM,0.357,-19,-14,0.398,
08/04/13 05:00 PM,0.355,-19,-14,0.396,
08/04/13 06:00 PM,0.355,-19,-15,0.395,
08/04/13 07:00 PM,0.354,-20,-15,0.394,
08/04/13 08:00 PM,0.352,-21,-15,0.394,
08/04/13 09:00 PM,0.351,-21,-15,0.393,
08/04/13 10:00 PM,0.350,-22,-15,0.393,
08/04/13 11:00 PM,0.349,-22,-15,0.393,
08/05/13 12:00 AM,0.349,-22,-15,0.392,
08/05/13 01:00 AM,0.347,-23,-15,0.391,
08/05/13 02:00 AM,0.346,-23,-15,0.390,
08/05/13 03:00 AM,0.345,-23,-15,0.389,
08/05/13 04:00 AM,0.345,-24,-15,0.389,
08/05/13 05:00 AM,0.344,-24,-15,0.389,
08/05/13 06:00 AM,0.343,-24,-15,0.389,
08/05/13 07:00 AM,0.343,-24,-15,0.388,
08/05/13 08:00 AM,0.342,-25,-15,0.387,
08/05/13 09:00 AM,0.342,-25,-15,0.386,
08/05/13 10:00 AM,0.340,-25,-16,0.386,
08/05/13 11:00 AM,0.338,-26,-16,0.386,
08/05/13 12:00 PM,0.337,-27,-16,0.384,
08/05/13 01:00 PM,0.336,-29,-16,0.383,
08/05/13 02:00 PM,0.335,-30,-16,0.383,
08/05/13 03:00 PM,0.333,-31,-17,0.383,
08/05/13 04:00 PM,0.332,-32,-17,0.381,
08/05/13 05:00 PM,0.332,-33,-17,0.379,
08/05/13 06:00 PM,0.330,-35,-18,0.378,
08/05/13 07:00 PM,0.328,-36,-18,0.377,
08/05/13 08:00 PM,0.328,-37,-18,0.377,
08/05/13 09:00 PM,0.326,-38,-19,0.376,
08/05/13 10:00 PM,0.326,-38,-19,0.376,
08/05/13 11:00 PM,0.325,-39,-19,0.376,
08/06/13 12:00 AM,0.325,-39,-19,0.375,
08/06/13 01:00 AM,0.324,-40,-20,0.374,
08/06/13 02:00 AM,0.323,-40,-20,0.373,
08/06/13 03:00 AM,0.323,-41,-20,0.373,
08/06/13 04:00 AM,0.322,-41,-20,0.372,
08/06/13 05:00 AM,0.321,-41,-20,0.372,
08/06/13 06:00 AM,0.321,-42,-20,0.371,
08/06/13 07:00 AM,0.320,-42,-20,0.371,
08/06/13 08:00 AM,0.319,-42,-21,0.370,
08/06/13 09:00 AM,0.319,-43,-21,0.369,
08/06/13 10:00 AM,0.318,-43,-21,0.369,
08/06/13 11:00 AM,0.315,-44,-21,0.367,
08/06/13 12:00 PM,0.315,-46,-22,0.366,
08/06/13 01:00 PM,0.313,-48,-22,0.366,
08/06/13 02:00 PM,0.312,-49,-23,0.364,
08/06/13 03:00 PM,0.310,-52,-24,0.362,
08/06/13 04:00 PM,0.309,-53,-25,0.360,
08/06/13 05:00 PM,0.307,-55,-26,0.358,
08/06/13 06:00 PM,0.306,-57,-27,0.356,
08/06/13 07:00 PM,0.304,-59,-29,0.355,
08/06/13 08:00 PM,0.304,-61,-29,0.354,
08/06/13 09:00 PM,0.303,-62,-30,0.353,
08/06/13 10:00 PM,0.302,-63,-30,0.352,
08/06/13 11:00 PM,0.302,-63,-31,0.352,
08/07/13 12:00 AM,0.301,-64,-31,0.352,
08/07/13 01:00 AM,0.301,-64,-31,0.351,
08/07/13 02:00 AM,0.300,-64,-31,0.350,
08/07/13 03:00 AM,0.299,-65,-32,0.349,
08/07/13 04:00 AM,0.298,-65,-32,0.349,
08/07/13 05:00 AM,0.298,-66,-32,0.349,
08/07/13 06:00 AM,0.298,-66,-32,0.349,
08/07/13 07:00 AM,0.297,-67,-32,0.348,
08/07/13 08:00 AM,0.296,-67,-33,0.347,
08/07/13 09:00 AM,0.295,-68,-33,0.346,
08/07/13 10:00 AM,0.293,-69,-33,0.344,
08/07/13 11:00 AM,0.292,-71,-34,0.343,
08/07/13 12:00 PM,0.291,-72,-34,0.343,
08/07/13 01:00 PM,0.288,-74,-36,0.341,
08/07/13 02:00 PM,0.287,-76,-36,0.338,
08/07/13 03:00 PM,0.285,-77,-37,0.336,
08/07/13 04:00 PM,0.282,-80,-39,0.333,
08/07/13 05:00 PM,0.281,-82,-40,0.330,
08/07/13 06:00 PM,0.278,-85,-42,0.327,
08/07/13 07:00 PM,0.277,-87,-43,0.326,
08/07/13 08:00 PM,0.277,-89,-43,0.326,
08/07/13 09:00 PM,0.276,-90,-44,0.324,
08/07/13 10:00 PM,0.275,-91,-44,0.323,
08/07/13 11:00 PM,0.275,-92,-45,0.323,
08/08/13 12:00 AM,0.275,-93,-45,0.322,
08/08/13 01:00 AM,0.274,-93,-45,0.322,
08/08/13 02:00 AM,0.274,-94,-45,0.322,
08/08/13 03:00 AM,0.273,-95,-45,0.322,
08/08/13 04:00 AM,0.273,-96,-46,0.322,
08/08/13 05:00 AM,0.272,-96,-46,0.322,
08/08/13 06:00 AM,0.271,-96,-46,0.321,
08/08/13 07:00 AM,0.271,-96,-46,0.321,
08/08/13 08:00 AM,0.270,-96,-46,0.321,
08/08/13 09:00 AM,0.270,-97,-46,0.322,
08/08/13 10:00 AM,0.268,-98,-46,0.322,
08/08/13 11:00 AM,0.267,-99,-47,0.322,
08/08/13 12:00 PM,0.264,-100,-47,0.321,
08/08/13 01:00 PM,0.262,-103,-48,0.320,
08/08/13 02:00 PM,0.259,-105,-49,0.318,
08/08/13 03:00 PM,0.257,-108,-51,0.315,
08/08/13 04:00 PM,0.254,-110,-52,0.310,
08/08/13 05:00 PM,0.252,-112,-54,0.307,
08/08/13 06:00 PM,0.249,-115,-56,0.304,
08/08/13 07:00 PM,0.247,-117,-57,0.303,
08/08/13 08:00 PM,0.247,-119,-58,0.301,
08/08/13 09:00 PM,0.246,-124,-59,0.300,
08/08/13 10:00 PM,0.246,-125,-59,0.300,
08/08/13 11:00 PM,0.246,-126,-60,0.300,
08/09/13 12:00 AM,0.245,-127,-60,0.301,
08/09/13 01:00 AM,0.244,-128,-60,0.301,
08/09/13 02:00 AM,0.244,-129,-61,0.301,
08/09/13 03:00 AM,0.244,-130,-61,0.301,
08/09/13 04:00 AM,0.244,-130,-61,0.300,
08/09/13 05:00 AM,0.243,-131,-61,0.300,
08/09/13 06:00 AM,0.242,-131,-61,0.300,
08/09/13 07:00 AM,0.242,-132,-62,0.300,
08/09/13 08:00 AM,0.242,-132,-62,0.300,
08/09/13 09:00 AM,0.241,-133,-62,0.299,
08/09/13 10:00 AM,0.240,-135,-62,0.298,
08/09/13 11:00 AM,0.236,-137,-62,0.296,
08/09/13 12:00 PM,0.233,-138,-64,0.294,
08/09/13 01:00 PM,0.230,-140,-64,0.292,
08/09/13 02:00 PM,0.228,-143,-66,0.287,
08/09/13 03:00 PM,0.226,-145,-67,0.283,
08/09/13 04:00 PM,0.225,-147,-69,0.281,
08/09/13 05:00 PM,0.224,-148,-71,0.280,
08/09/13 06:00 PM,0.222,-151,-72,0.276,
08/09/13 07:00 PM,0.220,-152,-74,0.275,
08/09/13 08:00 PM,0.220,-155,-76,0.273,
08/09/13 09:00 PM,0.219,-157,-76,0.273,
08/09/13 10:00 PM,0.219,-159,-77,0.273,
08/09/13 11:00 PM,0.219,-160,-77,0.273,
08/10/13 12:00 AM,0.219,-162,-78,0.272,
08/10/13 01:00 AM,0.219,-163,-78,0.271,
08/10/13 02:00 AM,0.218,-164,-78,0.271,
08/10/13 03:00 AM,0.217,-164,-78,0.271,
08/10/13 04:00 AM,0.215,-166,-79,0.271,
08/10/13 05:00 AM,0.215,-167,-79,0.270,
08/10/13 06:00 AM,0.214,-169,-80,0.270,
08/10/13 07:00 AM,0.214,-169,-80,0.270,
08/10/13 08:00 AM,0.215,-169,-80,0.270,
08/10/13 09:00 AM,0.213,-170,-80,0.268,
08/10/13 10:00 AM,0.213,-170,-81,0.267,
08/10/13 11:00 AM,0.213,-172,-81,0.265,
08/10/13 12:00 PM,0.212,-172,-82,0.263,
08/10/13 01:00 PM,0.210,-175,-84,0.260,
08/10/13 02:00 PM,0.208,-175,-85,0.256,
08/10/13 03:00 PM,0.207,-177,-86,0.251,
08/10/13 04:00 PM,0.206,-177,-88,0.246,
08/10/13 05:00 PM,0.203,-178,-90,0.241,
08/10/13 06:00 PM,0.202,-180,-93,0.238,
08/10/13 07:00 PM,0.202,-186,-96,0.238,
08/10/13 08:00 PM,0.203,-188,-98,0.239,
08/10/13 09:00 PM,0.203,-190,-99,0.239,
08/10/13 10:00 PM,0.202,-192,-100,0.239,
08/10/13 11:00 PM,0.202,-193,-100,0.239,
08/11/13 12:00 AM,0.202,-197,-101,0.239,
08/11/13 01:00 AM,0.202,-197,-101,0.238,
08/11/13 02:00 AM,0.202,-199,-102,0.238,
08/11/13 03:00 AM,0.202,-201,-102,0.237,
08/11/13 04:00 AM,0.200,-202,-103,0.237,
08/11/13 05:00 AM,0.200,-204,-103,0.237,
08/11/13 06:00 AM,0.200,-204,-104,0.237,
08/11/13 07:00 AM,0.200,-206,-104,0.236,
08/11/13 08:00 AM,0.199,-206,-104,0.236,
08/11/13 09:00 AM,0.199,-208,-104,0.236,
08/11/13 10:00 AM,0.198,-208,-103,0.236,
08/11/13 11:00 AM,0.197,-210,-104,0.234,
08/11/13 12:00 PM,0.196,-210,-104,0.233,
08/11/13 01:00 PM,0.195,-212,-105,0.231,
08/11/13 02:00 PM,0.193,-212,-106,0.230,
08/11/13 03:00 PM,0.192,-212,-107,0.228,
08/11/13 04:00 PM,0.191,-214,-108,0.225,
08/11/13 05:00 PM,0.189,-214,-109,0.223,
08/11/13 06:00 PM,0.188,-216,-111,0.220,
08/11/13 07:00 PM,0.187,-216,-112,0.219,
08/11/13 08:00 PM,0.186,-218,-114,0.218,
08/11/13 09:00 PM,0.186,-220,-115,0.217,
08/11/13 10:00 PM,0.186,-224,-116,0.218,
08/11/13 11:00 PM,0.186,-224,-117,0.218,
08/12/13 12:00 AM,0.186,-226,-118,0.218,
08/12/13 01:00 AM,0.185,-230,-119,0.218,
08/12/13 02:00 AM,0.185,-230,-120,0.217,
08/12/13 03:00 AM,0.185,-233,-121,0.217,
08/12/13 04:00 AM,0.185,-235,-121,0.217,
08/12/13 05:00 AM,0.185,-235,-121,0.217,
08/12/13 06:00 AM,0.185,-235,-122,0.217,
08/12/13 07:00 AM,0.184,-237,-122,0.217,
08/12/13 08:00 AM,0.184,-239,-122,0.216,
