Measurement Time,m³/m³ VWC,kPa Potential,°C Temp,kPa Potential,m³/m³ VWC,None
25 Jun 2013 3:00 PM,-0.223,-27.7,20.0,-276,0.091,
25 Jun 2013 4:00 PM,-0.216,-27.9,20.2,-276,0.091,
25 Jun 2013 5:00 PM,-0.213,-28.3,20.5,-279,0.091,
25 Jun 2013 6:00 PM,-0.207,-28.6,20.7,-279,0.091,
25 Jun 2013 7:00 PM,-0.213,-28.7,20.9,-281,0.091,
25 Jun 2013 8:00 PM,#N/A,-28.7,21.0,-281,0.091,
25 Jun 2013 9:00 PM,#N/A,-28.8,21.1,-281,0.091,
25 Jun 2013 10:00 PM,#N/A,-28.8,21.2,-284,0.091,
25 Jun 2013 11:00 PM,#N/A,-28.9,21.2,-287,0.091,
26 Jun 2013 12:00 AM,#N/A,-29.0,21.1,-284,0.091,
26 Jun 2013 1:00 AM,#N/A,-29.1,21.1,-287,0.091,
26 Jun 2013 2:00 AM,#N/A,-29.2,21.0,-287,0.090,
26 Jun 2013 3:00 AM,#N/A,-29.3,20.9,-290,0.090,
26 Jun 2013 4:00 AM,#N/A,-29.5,20.8,-292,0.090,
26 Jun 2013 5:00 AM,#N/A,-29.5,20.7,-292,0.089,
26 Jun 2013 6:00 AM,#N/A,-29.6,20.6,-295,0.089,
26 Jun 2013 7:00 AM,#N/A,-29.7,20.5,-295,0.089,
26 Jun 2013 8:00 AM,#N/A,-29.9,20.4,-298,0.089,
26 Jun 2013 9:00 AM,#N/A,-30.1,20.3,-298,0.089,
26 Jun 2013 10:00 AM,#N/A,-30.5,20.2,-301,0.089,
26 Jun 2013 11:00 AM,#N/A,-31.0,20.1,-298,0.089,
26 Jun 2013 12:00 PM,#N/A,-31.6,20.0,-298,0.089,
26 Jun 2013 1:00 PM,#N/A,-32.4,20.0,-298,0.089,
26 Jun 2013 2:00 PM,#N/A,-33.1,20.1,-301,0.089,
26 Jun 2013 3:00 PM,-0.223,-33.4,20.3,-301,0.089,
26 Jun 2013 4:00 PM,-0.221,-33.8,20.6,-301,0.089,
26 Jun 2013 5:00 PM,-0.229,-34.3,20.9,-301,0.089,
26 Jun 2013 6:00 PM,-0.221,-34.6,21.1,-304,0.089,
26 Jun 2013 7:00 PM,#N/A,-34.8,21.4,-307,0.089,
26 Jun 2013 8:00 PM,#N/A,-34.9,21.5,-310,0.089,
26 Jun 2013 9:00 PM,#N/A,-35.0,21.7,-310,0.089,
26 Jun 2013 10:00 PM,#N/A,-35.0,21.7,-313,0.089,
26 Jun 2013 11:00 PM,#N/A,-35.0,21.7,-313,0.089,
27 Jun 2013 12:00 AM,#N/A,-35.0,21.7,-313,0.089,
27 Jun 2013 1:00 AM,#N/A,-35.1,21.7,-316,0.089,
27 Jun 2013 2:00 AM,#N/A,-35.2,21.6,-316,0.089,
27 Jun 2013 3:00 AM,#N/A,-35.2,21.5,-319,0.089,
27 Jun 2013 4:00 AM,#N/A,-35.3,21.4,-319,0.089,
27 Jun 2013 5:00 AM,#N/A,-35.4,21.3,-319,0.089,
27 Jun 2013 6:00 AM,#N/A,-35.6,21.2,-322,0.089,
27 Jun 2013 7:00 AM,#N/A,-35.8,21.1,-325,0.089,
27 Jun 2013 8:00 AM,#N/A,-35.9,21.0,-322,0.088,
27 Jun 2013 9:00 AM,#N/A,-36.3,20.9,-325,0.088,
27 Jun 2013 10:00 AM,#N/A,-36.9,20.7,-325,0.088,
27 Jun 2013 11:00 AM,#N/A,-37.7,20.6,-325,0.088,
27 Jun 2013 12:00 PM,#N/A,-38.8,20.6,-329,0.088,
27 Jun 2013 1:00 PM,#N/A,-40.0,20.6,-325,0.088,
27 Jun 2013 2:00 PM,#N/A,-40.9,20.6,-329,0.088,
27 Jun 2013 3:00 PM,#N/A,-41.3,20.8,-329,0.088,
27 Jun 2013 4:00 PM,#N/A,-41.8,21.0,-332,0.088,
27 Jun 2013 5:00 PM,#N/A,-42.1,21.2,-332,0.088,
27 Jun 2013 6:00 PM,#N/A,-42.1,21.4,-332,0.088,
27 Jun 2013 7:00 PM,#N/A,-41.9,21.5,-332,0.088,
27 Jun 2013 8:00 PM,#N/A,-42.0,21.5,-335,0.088,
27 Jun 2013 9:00 PM,#N/A,-42.1,21.5,-335,0.087,
27 Jun 2013 10:00 PM,#N/A,-42.1,21.4,-335,0.087,
27 Jun 2013 11:00 PM,#N/A,-42.1,21.3,-335,0.086,
28 Jun 2013 12:00 AM,#N/A,-42.2,21.1,-338,0.086,
28 Jun 2013 1:00 AM,#N/A,-42.2,21.0,-338,0.086,
28 Jun 2013 2:00 AM,#N/A,-42.3,20.9,-342,0.086,
28 Jun 2013 3:00 AM,#N/A,-42.4,20.7,-342,0.086,
28 Jun 2013 4:00 AM,#N/A,-42.5,20.5,-345,0.086,
28 Jun 2013 5:00 AM,#N/A,-42.6,20.4,-345,0.086,
28 Jun 2013 6:00 AM,#N/A,-42.8,20.2,-345,0.086,
28 Jun 2013 7:00 AM,#N/A,-42.9,20.1,-349,0.085,
28 Jun 2013 8:00 AM,#N/A,-43.0,19.9,-349,0.085,
28 Jun 2013 9:00 AM,#N/A,-43.4,19.8,-349,0.085,
28 Jun 2013 10:00 AM,#N/A,-44.0,19.6,-352,0.084,
28 Jun 2013 11:00 AM,#N/A,-45.1,19.4,-356,0.084,
28 Jun 2013 12:00 PM,#N/A,-46.3,19.3,-352,0.084,
28 Jun 2013 1:00 PM,#N/A,-47.8,19.3,-352,0.085,
28 Jun 2013 2:00 PM,#N/A,-49.2,19.4,-352,0.085,
28 Jun 2013 3:00 PM,#N/A,-50.0,19.6,-352,0.085,
28 Jun 2013 4:00 PM,#N/A,-50.6,19.8,-352,0.085,
28 Jun 2013 5:00 PM,#N/A,-51.3,20.1,-356,0.085,
28 Jun 2013 6:00 PM,#N/A,-51.7,20.3,-356,0.086,
28 Jun 2013 7:00 PM,#N/A,-52.2,20.4,-356,0.086,
28 Jun 2013 8:00 PM,#N/A,-52.6,20.6,-356,0.086,
28 Jun 2013 9:00 PM,#N/A,-52.6,20.6,-356,0.086,
28 Jun 2013 10:00 PM,#N/A,-52.4,20.7,-359,0.086,
28 Jun 2013 11:00 PM,#N/A,-52.2,20.7,-359,0.086,
29 Jun 2013 12:00 AM,#N/A,-52.1,20.6,-359,0.086,
29 Jun 2013 1:00 AM,#N/A,-52.1,20.6,-363,0.085,
29 Jun 2013 2:00 AM,#N/A,-52.2,20.5,-363,0.085,
29 Jun 2013 3:00 AM,#N/A,-52.3,20.4,-363,0.085,
29 Jun 2013 4:00 AM,#N/A,-52.4,20.3,-363,0.085,
29 Jun 2013 5:00 AM,#N/A,-52.5,20.2,-366,0.084,
29 Jun 2013 6:00 AM,#N/A,-52.6,20.1,-366,0.084,
29 Jun 2013 7:00 AM,#N/A,-52.7,20.0,-366,0.084,
29 Jun 2013 8:00 AM,#N/A,-52.8,19.9,-366,0.084,
29 Jun 2013 9:00 AM,#N/A,-53.1,19.8,-370,0.084,
29 Jun 2013 10:00 AM,#N/A,-53.9,19.7,-366,0.084,
29 Jun 2013 11:00 AM,#N/A,-55.4,19.6,-366,0.084,
29 Jun 2013 12:00 PM,#N/A,-57.3,19.5,-366,0.084,
29 Jun 2013 1:00 PM,#N/A,-59.5,19.6,-366,0.084,
29 Jun 2013 2:00 PM,#N/A,-61.6,19.7,-366,0.085,
29 Jun 2013 3:00 PM,#N/A,-63.1,19.9,-366,0.085,
29 Jun 2013 4:00 PM,#N/A,-64.5,20.2,-366,0.085,
29 Jun 2013 5:00 PM,#N/A,-66.3,20.5,-366,0.085,
29 Jun 2013 6:00 PM,#N/A,-67.8,20.8,-366,0.085,
29 Jun 2013 7:00 PM,#N/A,-68.6,21.0,-366,0.085,
29 Jun 2013 8:00 PM,#N/A,-69.3,21.2,-370,0.085,
29 Jun 2013 9:00 PM,#N/A,-69.6,21.3,-370,0.085,
29 Jun 2013 10:00 PM,#N/A,-69.6,21.4,-370,0.085,
29 Jun 2013 11:00 PM,#N/A,-69.5,21.4,-374,0.085,
30 Jun 2013 12:00 AM,#N/A,-69.4,21.4,-374,0.085,
30 Jun 2013 1:00 AM,#N/A,-69.4,21.4,-374,0.084,
30 Jun 2013 2:00 AM,#N/A,-69.6,21.3,-374,0.084,
30 Jun 2013 3:00 AM,#N/A,-69.8,21.2,-374,0.084,
30 Jun 2013 4:00 AM,#N/A,-70.0,21.1,-378,0.084,
30 Jun 2013 5:00 AM,#N/A,-70.2,20.9,-378,0.084,
30 Jun 2013 6:00 AM,#N/A,-70.3,20.8,-378,0.084,
30 Jun 2013 7:00 AM,#N/A,-70.3,20.7,-381,0.084,
30 Jun 2013 8:00 AM,#N/A,-70.2,20.6,-381,0.084,
30 Jun 2013 9:00 AM,#N/A,-70.5,20.5,-381,0.084,
30 Jun 2013 10:00 AM,#N/A,-71.4,20.4,-381,0.083,
30 Jun 2013 11:00 AM,#N/A,-72.8,20.3,-381,0.083,
30 Jun 2013 12:00 PM,#N/A,-74.4,20.2,-385,0.083,
30 Jun 2013 1:00 PM,#N/A,-75.7,20.1,-385,0.083,
30 Jun 2013 2:00 PM,#N/A,-76.9,20.1,-385,0.083,
30 Jun 2013 3:00 PM,#N/A,-78.1,20.1,-385,0.083,
30 Jun 2013 4:00 PM,#N/A,-80.4,20.1,-381,0.083,
30 Jun 2013 5:00 PM,#N/A,-84.0,20.1,-381,0.083,
30 Jun 2013 6:00 PM,#N/A,-87.5,20.1,-385,0.083,
30 Jun 2013 7:00 PM,#N/A,-90.7,20.2,-385,0.083,
30 Jun 2013 8:00 PM,#N/A,-92.3,20.2,-385,0.083,
30 Jun 2013 9:00 PM,#N/A,-93.3,20.3,-385,0.083,
30 Jun 2013 10:00 PM,#N/A,-93.9,20.3,-385,0.083,
30 Jun 2013 11:00 PM,#N/A,-94.3,20.3,-385,0.083,
1 Jul 2013 12:00 AM,#N/A,-94.7,20.3,-389,0.083,
1 Jul 2013 1:00 AM,#N/A,-95.1,20.3,-389,0.083,
1 Jul 2013 2:00 AM,#N/A,-95.6,20.2,-389,0.083,
1 Jul 2013 3:00 AM,#N/A,-96.2,20.1,-389,0.083,
1 Jul 2013 4:00 AM,#N/A,-96.5,20.0,-393,0.083,
1 Jul 2013 5:00 AM,#N/A,-97.0,19.9,-393,0.083,
1 Jul 2013 6:00 AM,#N/A,-97.3,19.8,-393,0.083,
1 Jul 2013 7:00 AM,#N/A,-97.5,19.8,-393,0.083,
1 Jul 2013 8:00 AM,#N/A,-97.8,19.7,-393,0.083,
1 Jul 2013 9:00 AM,#N/A,-98.1,19.6,-393,0.083,
1 Jul 2013 10:00 AM,#N/A,-98.4,19.4,-393,0.082,
1 Jul 2013 11:00 AM,#N/A,-98.5,19.3,-397,0.082,
1 Jul 2013 12:00 PM,#N/A,-98.4,19.2,-397,0.082,
1 Jul 2013 1:00 PM,#N/A,-98.1,19.2,-397,0.082,
1 Jul 2013 2:00 PM,#N/A,-98.0,19.1,-397,0.082,
1 Jul 2013 3:00 PM,#N/A,-97.9,19.0,-393,0.082,
1 Jul 2013 4:00 PM,#N/A,-98.0,19.0,-393,0.082,
1 Jul 2013 5:00 PM,#N/A,-97.6,18.9,-397,0.082,
1 Jul 2013 6:00 PM,#N/A,-97.5,18.8,-397,0.082,
1 Jul 2013 7:00 PM,#N/A,-97.7,18.8,-393,0.081,
1 Jul 2013 8:00 PM,#N/A,-98.0,18.8,-397,0.082,
1 Jul 2013 9:00 PM,#N/A,-98.2,18.7,-397,0.082,
1 Jul 2013 10:00 PM,#N/A,-98.3,18.7,-397,0.081,
1 Jul 2013 11:00 PM,#N/A,-98.2,18.7,-397,0.081,
2 Jul 2013 12:00 AM,#N/A,-98.0,18.6,-397,0.081,
2 Jul 2013 1:00 AM,#N/A,-98.0,18.6,-397,0.081,
2 Jul 2013 2:00 AM,#N/A,-98.0,18.5,-397,0.081,
2 Jul 2013 3:00 AM,#N/A,-98.4,18.4,-401,0.081,
2 Jul 2013 4:00 AM,#N/A,-98.7,18.3,-401,0.081,
2 Jul 2013 5:00 AM,#N/A,-99.1,18.2,-401,0.081,
2 Jul 2013 6:00 AM,#N/A,-99.5,18.1,-401,0.080,
2 Jul 2013 7:00 AM,#N/A,-100.1,18.0,-401,0.080,
2 Jul 2013 8:00 AM,#N/A,-100.4,17.9,-405,0.080,
2 Jul 2013 9:00 AM,#N/A,-101.1,17.8,-405,0.079,
2 Jul 2013 10:00 AM,#N/A,-102.9,17.7,-401,0.079,
2 Jul 2013 11:00 AM,#N/A,-106.1,17.6,-401,0.079,
2 Jul 2013 12:00 PM,#N/A,-111.4,17.5,-405,0.079,
2 Jul 2013 1:00 PM,#N/A,-116.8,17.5,-401,0.079,
2 Jul 2013 2:00 PM,#N/A,-122.1,17.6,-405,0.080,
2 Jul 2013 3:00 PM,#N/A,-126.6,17.7,-405,0.080,
2 Jul 2013 4:00 PM,#N/A,-130.9,17.8,-405,0.080,
2 Jul 2013 5:00 PM,#N/A,-134.3,18.0,-405,0.081,
2 Jul 2013 6:00 PM,#N/A,-137.7,18.1,-401,0.081,
2 Jul 2013 7:00 PM,#N/A,-140.6,18.2,-401,0.081,
2 Jul 2013 8:00 PM,#N/A,-142.2,18.4,-405,0.081,
2 Jul 2013 9:00 PM,#N/A,-143.3,18.4,-401,0.081,
2 Jul 2013 10:00 PM,#N/A,-144.1,18.5,-405,0.081,
2 Jul 2013 11:00 PM,#N/A,-144.6,18.5,-405,0.081,
3 Jul 2013 12:00 AM,#N/A,-145.1,18.5,-405,0.081,
3 Jul 2013 1:00 AM,#N/A,-145.3,18.4,-405,0.081,
3 Jul 2013 2:00 AM,#N/A,-146.4,18.4,-405,0.080,
3 Jul 2013 3:00 AM,#N/A,-146.8,18.3,-405,0.080,
3 Jul 2013 4:00 AM,#N/A,-147.9,18.2,-405,0.080,
3 Jul 2013 5:00 AM,#N/A,-148.7,18.1,-405,0.079,
3 Jul 2013 6:00 AM,#N/A,-149.7,18.0,-409,0.079,
3 Jul 2013 7:00 AM,#N/A,-150.5,17.9,-409,0.079,
3 Jul 2013 8:00 AM,#N/A,-151.5,17.8,-409,0.079,
3 Jul 2013 9:00 AM,#N/A,-153.0,17.8,-409,0.079,
3 Jul 2013 10:00 AM,#N/A,-155.9,17.7,-409,0.079,
3 Jul 2013 11:00 AM,#N/A,-161.3,17.6,-409,0.079,
3 Jul 2013 12:00 PM,#N/A,-167.0,17.6,-409,0.079,
3 Jul 2013 1:00 PM,#N/A,-172.3,17.6,-409,0.079,
3 Jul 2013 2:00 PM,#N/A,-178.9,17.6,-405,0.079,
3 Jul 2013 3:00 PM,#N/A,-184.0,17.7,-409,0.079,
3 Jul 2013 4:00 PM,#N/A,-188.2,17.8,-409,0.079,
3 Jul 2013 5:00 PM,#N/A,-194.1,17.9,-405,0.080,
3 Jul 2013 6:00 PM,#N/A,-199.0,18.1,-405,0.080,
3 Jul 2013 7:00 PM,#N/A,-202.2,18.2,-405,0.080,
3 Jul 2013 8:00 PM,#N/A,-205.3,18.3,-409,0.081,
3 Jul 2013 9:00 PM,#N/A,-208.5,18.4,-409,0.080,
3 Jul 2013 10:00 PM,#N/A,-211.8,18.4,-409,0.081,
3 Jul 2013 11:00 PM,#N/A,-216.1,18.4,-405,0.080,
4 Jul 2013 12:00 AM,#N/A,-218.7,18.4,-409,0.080,
4 Jul 2013 1:00 AM,#N/A,-221.2,18.4,-409,0.080,
4 Jul 2013 2:00 AM,#N/A,-223.9,18.4,-409,0.080,
4 Jul 2013 3:00 AM,#N/A,-227.0,18.3,-409,0.080,
4 Jul 2013 4:00 AM,#N/A,-231.2,18.2,-409,0.079,
4 Jul 2013 5:00 AM,#N/A,-234.9,18.1,-409,0.079,
4 Jul 2013 6:00 AM,#N/A,-239.3,18.0,-409,0.079,
4 Jul 2013 7:00 AM,#N/A,-242.9,18.0,-409,0.079,
4 Jul 2013 8:00 AM,#N/A,-244.8,17.9,-413,0.079,
4 Jul 2013 9:00 AM,#N/A,-248.7,17.8,-413,0.079,
4 Jul 2013 10:00 AM,#N/A,-253.5,17.7,-413,0.079,
4 Jul 2013 11:00 AM,#N/A,-261.5,17.6,-413,0.079,
4 Jul 2013 12:00 PM,#N/A,-270.4,17.6,-413,0.079,
4 Jul 2013 1:00 PM,#N/A,-277.7,17.6,-413,0.079,
4 Jul 2013 2:00 PM,#N/A,-285.7,17.7,-413,0.079,
4 Jul 2013 3:00 PM,#N/A,-293.6,17.9,-413,0.079,
4 Jul 2013 4:00 PM,#N/A,-297.2,18.2,-413,0.079,
4 Jul 2013 5:00 PM,#N/A,-299.9,18.5,-413,0.079,
4 Jul 2013 6:00 PM,#N/A,-302.3,18.7,-413,0.079,
4 Jul 2013 7:00 PM,#N/A,-306.6,18.9,-413,0.079,
4 Jul 2013 8:00 PM,#N/A,-309.0,19.1,-409,0.079,
4 Jul 2013 9:00 PM,#N/A,-313.1,19.2,-413,0.079,
4 Jul 2013 10:00 PM,#N/A,-318.4,19.2,-413,0.079,
4 Jul 2013 11:00 PM,#N/A,-324.3,19.3,-413,0.079,
5 Jul 2013 12:00 AM,#N/A,-330.9,19.2,-413,0.079,
5 Jul 2013 1:00 AM,#N/A,-336.8,19.2,-413,0.079,
5 Jul 2013 2:00 AM,#N/A,-341.8,19.2,-413,0.079,
5 Jul 2013 3:00 AM,#N/A,-347.5,19.1,-413,0.079,
5 Jul 2013 4:00 AM,#N/A,-354.3,19.0,-413,0.079,
5 Jul 2013 5:00 AM,#N/A,-361.8,18.9,-418,0.079,
5 Jul 2013 6:00 AM,#N/A,-370.6,18.8,-418,0.079,
5 Jul 2013 7:00 AM,#N/A,-379.9,18.8,-418,0.079,
5 Jul 2013 8:00 AM,#N/A,-385.9,18.7,-418,0.079,
5 Jul 2013 9:00 AM,#N/A,-391.9,18.6,-418,0.079,
5 Jul 2013 10:00 AM,#N/A,-400.3,18.5,-418,0.079,
5 Jul 2013 11:00 AM,#N/A,-411.9,18.4,-418,0.079,
5 Jul 2013 12:00 PM,#N/A,-429.8,18.4,-418,0.079,
5 Jul 2013 1:00 PM,#N/A,-442.3,18.4,-418,0.079,
5 Jul 2013 2:00 PM,#N/A,-455.2,18.4,-413,0.079,
5 Jul 2013 3:00 PM,#N/A,-464.0,18.6,-413,0.079,
5 Jul 2013 4:00 PM,#N/A,-472.2,18.9,-413,0.079,
5 Jul 2013 5:00 PM,#N/A,-479.9,19.2,-413,0.079,
5 Jul 2013 6:00 PM,#N/A,-488.5,19.4,-413,0.079,
5 Jul 2013 7:00 PM,#N/A,-494.8,19.7,-413,0.079,
5 Jul 2013 8:00 PM,#N/A,-502.5,19.9,-413,0.079,
5 Jul 2013 9:00 PM,#N/A,-507.8,20.0,-413,0.079,
5 Jul 2013 10:00 PM,#N/A,-512.3,20.0,-418,0.079,
5 Jul 2013 11:00 PM,#N/A,-516.6,20.1,-418,0.079,
6 Jul 2013 12:00 AM,#N/A,-524.0,20.1,-418,0.079,
6 Jul 2013 1:00 AM,#N/A,-533.5,20.0,-418,0.079,
6 Jul 2013 2:00 AM,#N/A,-544.5,20.0,-418,0.079,
6 Jul 2013 3:00 AM,#N/A,-553.9,19.9,-418,0.079,
6 Jul 2013 4:00 AM,#N/A,-563.9,19.8,-418,0.079,
6 Jul 2013 5:00 AM,#N/A,-569.5,19.7,-418,0.079,
6 Jul 2013 6:00 AM,#N/A,-576.5,19.7,-418,0.079,
6 Jul 2013 7:00 AM,#N/A,-586.6,19.6,-422,0.078,
6 Jul 2013 8:00 AM,#N/A,-597.3,19.4,-422,0.078,
6 Jul 2013 9:00 AM,#N/A,-612.2,19.4,-418,0.078,
6 Jul 2013 10:00 AM,#N/A,-626.4,19.3,-418,0.077,
6 Jul 2013 11:00 AM,#N/A,-642.0,19.2,-418,0.077,
6 Jul 2013 12:00 PM,#N/A,-656.0,19.1,-418,0.077,
6 Jul 2013 1:00 PM,#N/A,-676.6,19.2,-418,0.078,
6 Jul 2013 2:00 PM,#N/A,-697.8,19.2,-418,0.078,
6 Jul 2013 3:00 PM,#N/A,-706.2,19.4,-418,0.078,
6 Jul 2013 4:00 PM,#N/A,-714.9,19.7,-413,0.078,
6 Jul 2013 5:00 PM,#N/A,-720.8,20.0,-418,0.078,
6 Jul 2013 6:00 PM,#N/A,-725.8,20.3,-418,0.078,
6 Jul 2013 7:00 PM,#N/A,-736.9,20.5,-418,0.078,
6 Jul 2013 8:00 PM,#N/A,-748.2,20.7,-418,0.078,
6 Jul 2013 9:00 PM,#N/A,-751.8,20.8,-418,0.078,
6 Jul 2013 10:00 PM,#N/A,-762.1,20.9,-418,0.079,
6 Jul 2013 11:00 PM,#N/A,-771.3,20.9,-418,0.079,
7 Jul 2013 12:00 AM,#N/A,-786.2,20.9,-418,0.079,
7 Jul 2013 1:00 AM,#N/A,-806.0,20.8,-422,0.078,
7 Jul 2013 2:00 AM,#N/A,-819.3,20.7,-422,0.078,
7 Jul 2013 3:00 AM,#N/A,-828.0,20.7,-418,0.078,
7 Jul 2013 4:00 AM,#N/A,-829.5,20.6,-422,0.078,
7 Jul 2013 5:00 AM,#N/A,-833.5,20.5,-422,0.077,
7 Jul 2013 6:00 AM,#N/A,-844.0,20.4,-422,0.077,
7 Jul 2013 7:00 AM,#N/A,-855.3,20.3,-422,0.077,
7 Jul 2013 8:00 AM,#N/A,-865.6,20.2,-422,0.077,
7 Jul 2013 9:00 AM,#N/A,-887.8,20.1,-422,0.077,
7 Jul 2013 10:00 AM,#N/A,-915.2,19.9,-422,0.077,
7 Jul 2013 11:00 AM,#N/A,-946.3,19.8,-422,0.077,
7 Jul 2013 12:00 PM,#N/A,-967.2,19.8,-418,0.077,
7 Jul 2013 1:00 PM,#N/A,-989.3,19.7,-422,0.077,
7 Jul 2013 2:00 PM,#N/A,-1011.6,19.8,-422,0.077,
7 Jul 2013 3:00 PM,#N/A,-1023.4,20.0,-422,0.077,
7 Jul 2013 4:00 PM,#N/A,-1029.0,20.2,-418,0.077,
7 Jul 2013 5:00 PM,#N/A,-1058.3,20.5,-418,0.077,
7 Jul 2013 6:00 PM,#N/A,-1077.5,20.7,-418,0.077,
7 Jul 2013 7:00 PM,#N/A,-1080.3,20.9,-422,0.077,
7 Jul 2013 8:00 PM,#N/A,-1084.5,21.1,-422,0.077,
7 Jul 2013 9:00 PM,#N/A,-1094.3,21.2,-422,0.077,
7 Jul 2013 10:00 PM,#N/A,-1108.7,21.2,-422,0.077,
7 Jul 2013 11:00 PM,#N/A,-1116.9,21.3,-422,0.077,
8 Jul 2013 12:00 AM,#N/A,-1128.8,21.2,-422,0.077,
8 Jul 2013 1:00 AM,#N/A,-1140.1,21.2,-422,0.077,
8 Jul 2013 2:00 AM,#N/A,-1157.8,21.1,-426,0.077,
8 Jul 2013 3:00 AM,#N/A,-1175.2,21.0,-426,0.076,
8 Jul 2013 4:00 AM,#N/A,-1182.8,20.9,-426,0.076,
8 Jul 2013 5:00 AM,#N/A,-1194.9,20.8,-426,0.076,
8 Jul 2013 6:00 AM,#N/A,-1188.6,20.6,-426,0.076,
8 Jul 2013 7:00 AM,#N/A,-1193.2,20.5,-426,0.076,
8 Jul 2013 8:00 AM,#N/A,-1205.9,20.4,-426,0.076,
8 Jul 2013 9:00 AM,#N/A,-1232.3,20.3,-426,0.076,
8 Jul 2013 10:00 AM,#N/A,-1269.5,20.2,-426,0.076,
8 Jul 2013 11:00 AM,#N/A,-1320.2,20.1,-426,0.076,
8 Jul 2013 12:00 PM,#N/A,-1365.6,20.0,-426,0.076,
8 Jul 2013 1:00 PM,#N/A,-1381.7,19.9,-426,0.076,
8 Jul 2013 2:00 PM,#N/A,-1403.5,20.0,-426,0.076,
8 Jul 2013 3:00 PM,#N/A,-1408.1,20.1,-422,0.076,
8 Jul 2013 4:00 PM,#N/A,-1420.8,20.4,-422,0.076,
8 Jul 2013 5:00 PM,#N/A,-1439.2,20.7,-422,0.076,
8 Jul 2013 6:00 PM,#N/A,-1435.6,20.9,-422,0.076,
8 Jul 2013 7:00 PM,#N/A,-1429.3,21.1,-422,0.076,
8 Jul 2013 8:00 PM,#N/A,-1431.0,21.3,-422,0.076,
8 Jul 2013 9:00 PM,#N/A,-1423.4,21.4,-426,0.076,
8 Jul 2013 10:00 PM,#N/A,-1425.0,21.5,-426,0.076,
8 Jul 2013 11:00 PM,#N/A,-1429.3,21.5,-426,0.076,
9 Jul 2013 12:00 AM,#N/A,-1435.9,21.5,-426,0.076,
9 Jul 2013 1:00 AM,#N/A,-1442.5,21.4,-426,0.076,
9 Jul 2013 2:00 AM,#N/A,-1454.5,21.3,-426,0.076,
9 Jul 2013 3:00 AM,#N/A,-1466.0,21.3,-426,0.076,
9 Jul 2013 4:00 AM,#N/A,-1488.1,21.2,-426,0.076,
9 Jul 2013 5:00 AM,#N/A,-1505.7,21.1,-426,0.076,
9 Jul 2013 6:00 AM,#N/A,-1546.8,20.9,-431,0.076,
9 Jul 2013 7:00 AM,#N/A,-1566.5,20.8,-431,0.075,
9 Jul 2013 8:00 AM,#N/A,-1566.8,20.7,-431,0.075,
9 Jul 2013 9:00 AM,#N/A,-1571.2,20.6,-431,0.075,
9 Jul 2013 10:00 AM,#N/A,-1591.9,20.5,-431,0.074,
9 Jul 2013 11:00 AM,#N/A,-1655.5,20.4,-426,0.074,
9 Jul 2013 12:00 PM,#N/A,-1687.0,20.3,-426,0.074,
9 Jul 2013 1:00 PM,#N/A,-1705.0,20.3,-431,0.075,
9 Jul 2013 2:00 PM,#N/A,-1714.5,20.2,-426,0.075,
9 Jul 2013 3:00 PM,#N/A,-1735.5,20.3,-426,0.075,
9 Jul 2013 4:00 PM,#N/A,-1750.4,20.3,-426,0.074,
9 Jul 2013 5:00 PM,#N/A,-1758.0,20.3,-426,0.074,
9 Jul 2013 6:00 PM,#N/A,-1767.4,20.4,-426,0.075,
9 Jul 2013 7:00 PM,#N/A,-1764.1,20.5,-426,0.075,
9 Jul 2013 8:00 PM,#N/A,-1763.7,20.6,-426,0.076,
9 Jul 2013 9:00 PM,#N/A,-1783.7,20.6,-426,0.076,
9 Jul 2013 10:00 PM,#N/A,-1787.4,20.7,-426,0.076,
9 Jul 2013 11:00 PM,#N/A,-1780.0,20.6,-426,0.076,
10 Jul 2013 12:00 AM,#N/A,-1765.3,20.6,-426,0.076,
10 Jul 2013 1:00 AM,#N/A,-1776.7,20.5,-426,0.076,
10 Jul 2013 2:00 AM,#N/A,-1782.9,20.4,-426,0.076,
10 Jul 2013 3:00 AM,#N/A,-1799.4,20.3,-426,0.076,
10 Jul 2013 4:00 AM,#N/A,-1816.5,20.2,-431,0.076,
10 Jul 2013 5:00 AM,#N/A,-1837.1,20.1,-431,0.076,
10 Jul 2013 6:00 AM,#N/A,-1855.4,20.0,-431,0.076,
10 Jul 2013 7:00 AM,#N/A,-1883.3,19.9,-431,0.076,
10 Jul 2013 8:00 AM,#N/A,-1915.3,19.8,-431,0.076,
10 Jul 2013 9:00 AM,#N/A,-1940.6,19.7,-431,0.076,
10 Jul 2013 10:00 AM,#N/A,-1968.5,19.6,-431,0.076,
10 Jul 2013 11:00 AM,#N/A,-1997.7,19.4,-431,0.076,
10 Jul 2013 12:00 PM,#N/A,-2036.7,19.4,-431,0.076,
10 Jul 2013 1:00 PM,#N/A,-2050.3,19.3,-426,0.076,
10 Jul 2013 2:00 PM,#N/A,-2050.8,19.4,-426,0.076,
10 Jul 2013 3:00 PM,#N/A,-2042.8,19.5,-426,0.076,
10 Jul 2013 4:00 PM,#N/A,-1980.3,19.7,-426,0.076,
10 Jul 2013 5:00 PM,#N/A,-1928.1,19.9,-426,0.077,
10 Jul 2013 6:00 PM,#N/A,-1892.0,20.1,-426,0.076,
10 Jul 2013 7:00 PM,#N/A,-1863.1,20.2,-426,0.077,
10 Jul 2013 8:00 PM,#N/A,-1843.9,20.3,-426,0.077,
10 Jul 2013 9:00 PM,#N/A,-1835.4,20.3,-426,0.077,
10 Jul 2013 10:00 PM,#N/A,-1821.9,20.4,-426,0.077,
10 Jul 2013 11:00 PM,#N/A,-1824.4,20.4,-426,0.077,
11 Jul 2013 12:00 AM,#N/A,-1822.7,20.3,-426,0.076,
11 Jul 2013 1:00 AM,#N/A,-1826.5,20.3,-426,0.076,
11 Jul 2013 2:00 AM,#N/A,-1837.5,20.2,-426,0.076,
11 Jul 2013 3:00 AM,#N/A,-1852.8,20.2,-431,0.076,
11 Jul 2013 4:00 AM,#N/A,-1869.9,20.1,-431,0.076,
11 Jul 2013 5:00 AM,#N/A,-1887.7,20.0,-431,0.076,
11 Jul 2013 6:00 AM,#N/A,-1899.4,19.9,-431,0.076,
11 Jul 2013 7:00 AM,#N/A,-1942.3,19.8,-431,0.076,
11 Jul 2013 8:00 AM,#N/A,-1967.1,19.7,-431,0.076,
11 Jul 2013 9:00 AM,#N/A,-1994.5,19.6,-431,0.075,
11 Jul 2013 10:00 AM,#N/A,-2041.9,19.5,-431,0.075,
11 Jul 2013 11:00 AM,#N/A,-2080.3,19.4,-431,0.076,
11 Jul 2013 12:00 PM,#N/A,-2119.0,19.3,-431,0.076,
11 Jul 2013 1:00 PM,#N/A,-2121.4,19.3,-431,0.076,
11 Jul 2013 2:00 PM,#N/A,-2100.0,19.4,-431,0.076,
11 Jul 2013 3:00 PM,#N/A,-2095.2,19.5,-426,0.076,
11 Jul 2013 4:00 PM,#N/A,-2090.9,19.6,-431,0.076,
11 Jul 2013 5:00 PM,#N/A,-2072.2,19.7,-426,0.076,
11 Jul 2013 6:00 PM,#N/A,-2048.9,19.7,-431,0.077,
11 Jul 2013 7:00 PM,#N/A,-2001.4,19.7,-435,0.081,
11 Jul 2013 8:00 PM,#N/A,-1691.7,19.7,-435,0.094,
11 Jul 2013 9:00 PM,#N/A,-196.4,19.7,-431,0.105,
11 Jul 2013 10:00 PM,#N/A,-32.0,19.6,-413,0.112,
11 Jul 2013 11:00 PM,#N/A,-19.0,19.5,-332,0.116,
12 Jul 2013 12:00 AM,#N/A,-13.2,19.4,-256,0.119,
12 Jul 2013 1:00 AM,#N/A,-9.9,19.3,-197,0.120,
12 Jul 2013 2:00 AM,#N/A,-8.2,19.2,-159,0.122,
12 Jul 2013 3:00 AM,#N/A,-7.4,19.1,-136,0.123,
12 Jul 2013 4:00 AM,#N/A,-7.0,19.0,-118,0.123,
12 Jul 2013 5:00 AM,#N/A,-6.8,19.0,-105,0.123,
12 Jul 2013 6:00 AM,#N/A,-6.6,18.9,-96,0.125,
12 Jul 2013 7:00 AM,#N/A,-6.5,18.8,-89,0.125,
12 Jul 2013 8:00 AM,#N/A,-6.4,18.7,-84,0.126,
12 Jul 2013 9:00 AM,#N/A,-6.4,18.6,-80,0.126,
12 Jul 2013 10:00 AM,#N/A,-6.4,18.5,-78,0.126,
12 Jul 2013 11:00 AM,#N/A,-6.4,18.5,-77,0.125,
12 Jul 2013 12:00 PM,#N/A,-6.4,18.4,-77,0.125,
12 Jul 2013 1:00 PM,#N/A,-6.4,18.4,-77,0.125,
12 Jul 2013 2:00 PM,#N/A,-6.4,18.5,-79,0.125,
12 Jul 2013 3:00 PM,#N/A,-6.4,18.6,-81,0.124,
12 Jul 2013 4:00 PM,#N/A,-6.5,18.8,-83,0.123,
12 Jul 2013 5:00 PM,#N/A,-6.5,19.0,-85,0.123,
12 Jul 2013 6:00 PM,-0.229,-6.5,19.1,-87,0.123,
12 Jul 2013 7:00 PM,-0.223,-6.6,19.2,-90,0.123,
12 Jul 2013 8:00 PM,-0.219,-6.6,19.3,-92,0.123,
12 Jul 2013 9:00 PM,#N/A,-6.6,19.4,-93,0.122,
12 Jul 2013 10:00 PM,#N/A,-6.7,19.5,-94,0.122,
12 Jul 2013 11:00 PM,#N/A,-6.7,19.5,-95,0.122,
13 Jul 2013 12:00 AM,#N/A,-6.7,19.6,-95,0.122,
13 Jul 2013 1:00 AM,#N/A,-6.8,19.5,-96,0.121,
13 Jul 2013 2:00 AM,#N/A,-6.8,19.4,-96,0.120,
13 Jul 2013 3:00 AM,#N/A,-6.9,19.4,-96,0.120,
13 Jul 2013 4:00 AM,#N/A,-6.9,19.3,-96,0.120,
13 Jul 2013 5:00 AM,#N/A,-6.9,19.2,-96,0.120,
13 Jul 2013 6:00 AM,#N/A,-7.0,19.1,-96,0.120,
13 Jul 2013 7:00 AM,#N/A,-7.0,19.0,-97,0.120,
13 Jul 2013 8:00 AM,#N/A,-7.1,18.9,-97,0.119,
13 Jul 2013 9:00 AM,#N/A,-7.1,18.8,-97,0.119,
13 Jul 2013 10:00 AM,#N/A,-7.2,18.8,-99,0.118,
13 Jul 2013 11:00 AM,#N/A,-7.3,18.7,-100,0.117,
13 Jul 2013 12:00 PM,#N/A,-7.5,18.6,-104,0.117,
13 Jul 2013 1:00 PM,#N/A,-7.7,18.6,-107,0.117,
13 Jul 2013 2:00 PM,#N/A,-7.9,18.7,-111,0.116,
13 Jul 2013 3:00 PM,#N/A,-8.2,18.9,-114,0.116,
13 Jul 2013 4:00 PM,#N/A,-8.4,19.1,-117,0.115,
13 Jul 2013 5:00 PM,#N/A,-8.6,19.4,-121,0.115,
13 Jul 2013 6:00 PM,#N/A,-8.9,19.6,-126,0.114,
13 Jul 2013 7:00 PM,#N/A,-9.1,19.9,-129,0.113,
13 Jul 2013 8:00 PM,#N/A,-9.4,20.0,-132,0.113,
13 Jul 2013 9:00 PM,#N/A,-9.6,20.1,-136,0.113,
13 Jul 2013 10:00 PM,#N/A,-9.7,20.2,-138,0.113,
13 Jul 2013 11:00 PM,#N/A,-9.9,20.2,-139,0.112,
14 Jul 2013 12:00 AM,#N/A,-10.0,20.2,-142,0.112,
14 Jul 2013 1:00 AM,#N/A,-10.2,20.2,-142,0.111,
14 Jul 2013 2:00 AM,#N/A,-10.3,20.1,-144,0.111,
14 Jul 2013 3:00 AM,#N/A,-10.5,20.0,-145,0.111,
14 Jul 2013 4:00 AM,#N/A,-10.6,19.9,-145,0.111,
14 Jul 2013 5:00 AM,#N/A,-10.7,19.8,-147,0.110,
14 Jul 2013 6:00 AM,#N/A,-10.9,19.7,-147,0.110,
14 Jul 2013 7:00 AM,#N/A,-11.0,19.6,-148,0.110,
14 Jul 2013 8:00 AM,#N/A,-11.2,19.5,-149,0.110,
14 Jul 2013 9:00 AM,#N/A,-11.3,19.4,-149,0.110,
14 Jul 2013 10:00 AM,#N/A,-11.6,19.3,-152,0.108,
14 Jul 2013 11:00 AM,#N/A,-11.9,19.2,-155,0.108,
14 Jul 2013 12:00 PM,#N/A,-12.4,19.1,-157,0.108,
14 Jul 2013 1:00 PM,#N/A,-12.9,19.1,-162,0.106,
14 Jul 2013 2:00 PM,#N/A,-13.5,19.1,-164,0.106,
14 Jul 2013 3:00 PM,#N/A,-14.0,19.3,-169,0.106,
14 Jul 2013 4:00 PM,#N/A,-14.4,19.6,-170,0.105,
14 Jul 2013 5:00 PM,#N/A,-14.8,19.8,-173,0.105,
14 Jul 2013 6:00 PM,#N/A,-15.2,20.1,-177,0.105,
14 Jul 2013 7:00 PM,#N/A,-15.5,20.3,-180,0.105,
14 Jul 2013 8:00 PM,#N/A,-15.8,20.5,-181,0.105,
14 Jul 2013 9:00 PM,#N/A,-16.0,20.6,-185,0.105,
14 Jul 2013 10:00 PM,#N/A,-16.2,20.7,-188,0.105,
14 Jul 2013 11:00 PM,#N/A,-16.4,20.7,-188,0.104,
15 Jul 2013 12:00 AM,#N/A,-16.5,20.7,-190,0.104,
15 Jul 2013 1:00 AM,#N/A,-16.7,20.7,-192,0.103,
15 Jul 2013 2:00 AM,#N/A,-16.8,20.7,-193,0.103,
15 Jul 2013 3:00 AM,#N/A,-16.9,20.6,-195,0.103,
15 Jul 2013 4:00 AM,#N/A,-17.0,20.5,-197,0.103,
15 Jul 2013 5:00 AM,#N/A,-17.2,20.4,-199,0.102,
15 Jul 2013 6:00 AM,#N/A,-17.3,20.3,-201,0.102,
15 Jul 2013 7:00 AM,#N/A,-17.4,20.2,-202,0.101,
15 Jul 2013 8:00 AM,#N/A,-17.5,20.1,-202,0.101,
15 Jul 2013 9:00 AM,#N/A,-17.6,20.1,-204,0.101,
15 Jul 2013 10:00 AM,#N/A,-17.7,19.9,-204,0.101,
15 Jul 2013 11:00 AM,#N/A,-17.8,19.8,-206,0.100,
15 Jul 2013 12:00 PM,#N/A,-18.0,19.8,-206,0.100,
15 Jul 2013 1:00 PM,#N/A,-18.1,19.7,-208,0.100,
15 Jul 2013 2:00 PM,#N/A,-18.3,19.6,-208,0.100,
15 Jul 2013 3:00 PM,#N/A,-18.4,19.6,-210,0.100,
15 Jul 2013 4:00 PM,#N/A,-18.5,19.5,-212,0.100,
15 Jul 2013 5:00 PM,#N/A,-18.7,19.4,-210,0.100,
15 Jul 2013 6:00 PM,#N/A,-18.7,19.4,-212,0.100,
15 Jul 2013 7:00 PM,#N/A,-18.8,19.4,-212,0.100,
15 Jul 2013 8:00 PM,#N/A,-18.9,19.3,-214,0.100,
15 Jul 2013 9:00 PM,#N/A,-19.0,19.2,-216,0.099,
15 Jul 2013 10:00 PM,#N/A,-19.1,19.2,-216,0.099,
15 Jul 2013 11:00 PM,#N/A,-19.2,19.1,-216,0.099,
16 Jul 2013 12:00 AM,#N/A,-19.3,19.1,-218,0.098,
16 Jul 2013 1:00 AM,#N/A,-19.4,19.0,-218,0.098,
16 Jul 2013 2:00 AM,#N/A,-19.5,18.9,-218,0.098,
16 Jul 2013 3:00 AM,#N/A,-19.6,18.8,-218,0.098,
16 Jul 2013 4:00 AM,#N/A,-19.6,18.7,-220,0.098,
16 Jul 2013 5:00 AM,#N/A,-19.7,18.6,-222,0.097,
16 Jul 2013 6:00 AM,#N/A,-19.8,18.5,-220,0.097,
16 Jul 2013 7:00 AM,#N/A,-20.0,18.4,-222,0.096,
16 Jul 2013 8:00 AM,#N/A,-20.1,18.3,-224,0.096,
16 Jul 2013 9:00 AM,#N/A,-20.2,18.2,-222,0.096,
16 Jul 2013 10:00 AM,#N/A,-20.4,18.2,-224,0.096,
16 Jul 2013 11:00 AM,#N/A,-20.6,18.1,-224,0.096,
16 Jul 2013 12:00 PM,#N/A,-20.8,18.0,-224,0.096,
16 Jul 2013 1:00 PM,#N/A,-21.1,18.0,-224,0.096,
16 Jul 2013 2:00 PM,#N/A,-21.4,17.9,-226,0.096,
16 Jul 2013 3:00 PM,#N/A,-21.6,18.0,-226,0.095,
16 Jul 2013 4:00 PM,#N/A,-21.8,18.0,-226,0.095,
16 Jul 2013 5:00 PM,#N/A,-21.9,18.0,-228,0.095,
16 Jul 2013 6:00 PM,#N/A,-22.0,18.0,-230,0.095,
16 Jul 2013 7:00 PM,#N/A,-22.1,18.0,-230,0.095,
16 Jul 2013 8:00 PM,#N/A,-22.3,18.0,-230,0.095,
16 Jul 2013 9:00 PM,#N/A,-22.3,18.0,-230,0.095,
16 Jul 2013 10:00 PM,#N/A,-22.4,17.9,-230,0.094,
16 Jul 2013 11:00 PM,#N/A,-22.5,17.9,-230,0.094,
17 Jul 2013 12:00 AM,#N/A,-22.6,17.8,-233,0.094,
17 Jul 2013 1:00 AM,#N/A,-22.7,17.8,-233,0.094,
17 Jul 2013 2:00 AM,#N/A,-22.8,17.8,-233,0.094,
17 Jul 2013 3:00 AM,#N/A,-22.8,17.7,-233,0.094,
17 Jul 2013 4:00 AM,#N/A,-22.9,17.6,-235,0.095,
17 Jul 2013 5:00 AM,#N/A,-22.7,17.6,-28,0.096,
17 Jul 2013 6:00 AM,#N/A,-16.1,17.4,-16,0.107,
17 Jul 2013 7:00 AM,#N/A,-8.7,17.3,-16,0.140,
17 Jul 2013 8:00 AM,#N/A,-6.2,17.1,-17,0.219,
17 Jul 2013 9:00 AM,#N/A,-5.8,17.0,-17,0.327,
17 Jul 2013 10:00 AM,#N/A,-5.7,16.9,-17,0.366,
17 Jul 2013 11:00 AM,#N/A,-5.7,16.8,-17,0.380,
17 Jul 2013 12:00 PM,#N/A,-5.7,16.7,-17,0.394,
17 Jul 2013 1:00 PM,#N/A,-5.7,16.6,-17,0.403,
17 Jul 2013 2:00 PM,#N/A,-5.8,16.5,-17,0.398,
17 Jul 2013 3:00 PM,#N/A,-5.7,16.5,-16,0.412,
17 Jul 2013 4:00 PM,#N/A,-5.8,16.4,-16,0.416,
17 Jul 2013 5:00 PM,#N/A,-5.7,16.3,-16,0.423,
17 Jul 2013 6:00 PM,#N/A,-5.7,16.2,-16,0.419,
17 Jul 2013 7:00 PM,#N/A,-5.8,16.2,-16,0.413,
17 Jul 2013 8:00 PM,#N/A,-5.7,16.2,-16,0.408,
17 Jul 2013 9:00 PM,#N/A,-5.7,16.2,-16,0.403,
17 Jul 2013 10:00 PM,#N/A,-5.7,16.2,-16,0.399,
17 Jul 2013 11:00 PM,#N/A,-5.7,16.2,-16,0.397,
18 Jul 2013 12:00 AM,#N/A,-5.7,16.2,-16,0.395,
18 Jul 2013 1:00 AM,#N/A,-5.7,16.3,-16,0.397,
18 Jul 2013 2:00 AM,#N/A,-5.7,16.3,-16,0.397,
18 Jul 2013 3:00 AM,#N/A,-5.7,16.3,-16,0.397,
18 Jul 2013 4:00 AM,#N/A,-5.7,16.3,-16,0.397,
18 Jul 2013 5:00 AM,#N/A,-5.7,16.3,-16,0.397,
18 Jul 2013 6:00 AM,#N/A,-5.7,16.3,-16,0.398,
18 Jul 2013 7:00 AM,#N/A,-5.7,16.3,-15,0.400,
18 Jul 2013 8:00 AM,#N/A,-5.7,16.2,-13,0.403,
18 Jul 2013 9:00 AM,#N/A,-5.7,16.2,-13,0.406,
18 Jul 2013 10:00 AM,#N/A,-5.7,16.2,-13,0.411,
18 Jul 2013 11:00 AM,#N/A,-5.7,16.2,-13,0.413,
18 Jul 2013 12:00 PM,#N/A,-5.7,16.2,-13,0.412,
18 Jul 2013 1:00 PM,#N/A,-5.7,16.1,-13,0.412,
18 Jul 2013 2:00 PM,#N/A,-5.7,16.1,-13,0.415,
18 Jul 2013 3:00 PM,#N/A,-5.7,16.1,-14,0.416,
18 Jul 2013 4:00 PM,#N/A,-5.7,16.1,-14,0.412,
18 Jul 2013 5:00 PM,#N/A,-5.7,16.2,-14,0.407,
18 Jul 2013 6:00 PM,#N/A,-5.7,16.2,-14,0.402,
18 Jul 2013 7:00 PM,#N/A,-5.7,16.2,-14,0.397,
18 Jul 2013 8:00 PM,#N/A,-5.7,16.3,-14,0.394,
18 Jul 2013 9:00 PM,#N/A,-5.7,16.3,-12,0.390,
18 Jul 2013 10:00 PM,#N/A,-5.7,16.4,-10,0.387,
18 Jul 2013 11:00 PM,#N/A,-5.7,16.4,-11,0.384,
19 Jul 2013 12:00 AM,#N/A,-5.7,16.4,-11,0.381,
19 Jul 2013 1:00 AM,#N/A,-5.7,16.4,-11,0.379,
19 Jul 2013 2:00 AM,#N/A,-5.6,16.5,-11,0.377,
19 Jul 2013 3:00 AM,#N/A,-5.6,16.5,-11,0.375,
19 Jul 2013 4:00 AM,#N/A,-5.6,16.4,-11,0.372,
19 Jul 2013 5:00 AM,#N/A,-5.6,16.4,-11,0.371,
19 Jul 2013 6:00 AM,#N/A,-5.6,16.4,-11,0.369,
19 Jul 2013 7:00 AM,#N/A,-5.6,16.4,-11,0.368,
19 Jul 2013 8:00 AM,#N/A,-5.6,16.4,-11,0.368,
19 Jul 2013 9:00 AM,#N/A,-5.6,16.4,-11,0.368,
19 Jul 2013 10:00 AM,#N/A,-5.6,16.3,-11,0.368,
19 Jul 2013 11:00 AM,#N/A,-5.6,16.3,-11,0.367,
19 Jul 2013 12:00 PM,#N/A,-5.6,16.3,-11,0.366,
19 Jul 2013 1:00 PM,#N/A,-5.6,16.3,-11,0.365,
19 Jul 2013 2:00 PM,#N/A,-5.6,16.3,-11,0.365,
19 Jul 2013 3:00 PM,#N/A,-5.6,16.3,-11,0.363,
19 Jul 2013 4:00 PM,#N/A,-5.6,16.4,-11,0.362,
19 Jul 2013 5:00 PM,#N/A,-5.6,16.4,-11,0.361,
19 Jul 2013 6:00 PM,#N/A,-5.6,16.4,-11,0.361,
19 Jul 2013 7:00 PM,#N/A,-5.6,16.5,-11,0.360,
19 Jul 2013 8:00 PM,#N/A,-5.6,16.6,-11,0.359,
19 Jul 2013 9:00 PM,#N/A,-5.6,16.6,-11,0.358,
19 Jul 2013 10:00 PM,#N/A,-5.6,16.7,-12,0.357,
19 Jul 2013 11:00 PM,#N/A,-5.6,16.7,-12,0.356,
20 Jul 2013 12:00 AM,#N/A,-5.6,16.8,-12,0.355,
20 Jul 2013 1:00 AM,#N/A,-5.6,16.8,-12,0.355,
20 Jul 2013 2:00 AM,#N/A,-5.6,16.8,-12,0.353,
20 Jul 2013 3:00 AM,#N/A,-5.6,16.8,-12,0.352,
20 Jul 2013 4:00 AM,#N/A,-5.6,16.8,-13,0.351,
20 Jul 2013 5:00 AM,#N/A,-5.6,16.7,-13,0.351,
20 Jul 2013 6:00 AM,#N/A,-5.6,16.7,-13,0.352,
20 Jul 2013 7:00 AM,#N/A,-5.6,16.7,-13,0.354,
20 Jul 2013 8:00 AM,#N/A,-5.6,16.6,-13,0.354,
20 Jul 2013 9:00 AM,#N/A,-5.6,16.6,-13,0.353,
20 Jul 2013 10:00 AM,#N/A,-5.6,16.6,-13,0.353,
20 Jul 2013 11:00 AM,#N/A,-5.6,16.6,-12,0.352,
20 Jul 2013 12:00 PM,#N/A,-5.6,16.6,-13,0.351,
20 Jul 2013 1:00 PM,#N/A,-5.6,16.6,-13,0.351,
20 Jul 2013 2:00 PM,#N/A,-5.6,16.6,-13,0.350,
20 Jul 2013 3:00 PM,#N/A,-5.6,16.6,-15,0.349,
20 Jul 2013 4:00 PM,#N/A,-5.6,16.6,-15,0.348,
20 Jul 2013 5:00 PM,#N/A,-5.6,16.7,-16,0.346,
20 Jul 2013 6:00 PM,#N/A,-5.6,16.8,-16,0.344,
20 Jul 2013 7:00 PM,#N/A,-5.6,16.9,-16,0.344,
20 Jul 2013 8:00 PM,#N/A,-5.6,17.0,-16,0.343,
20 Jul 2013 9:00 PM,#N/A,-5.6,17.1,-16,0.343,
20 Jul 2013 10:00 PM,#N/A,-5.6,17.1,-16,0.341,
20 Jul 2013 11:00 PM,#N/A,-5.6,17.2,-16,0.341,
21 Jul 2013 12:00 AM,#N/A,-5.6,17.2,-16,0.340,
21 Jul 2013 1:00 AM,#N/A,-5.6,17.2,-16,0.339,
21 Jul 2013 2:00 AM,#N/A,-5.6,17.2,-16,0.338,
21 Jul 2013 3:00 AM,#N/A,-5.6,17.1,-16,0.338,
21 Jul 2013 4:00 AM,#N/A,-5.6,17.1,-16,0.337,
21 Jul 2013 5:00 AM,#N/A,-5.6,17.0,-16,0.336,
21 Jul 2013 6:00 AM,#N/A,-5.6,17.0,-16,0.335,
21 Jul 2013 7:00 AM,#N/A,-5.6,16.9,-16,0.334,
21 Jul 2013 8:00 AM,#N/A,-5.6,16.8,-16,0.334,
21 Jul 2013 9:00 AM,#N/A,-5.6,16.8,-16,0.333,
21 Jul 2013 10:00 AM,#N/A,-5.6,16.7,-16,0.332,
21 Jul 2013 11:00 AM,#N/A,-5.6,16.7,-16,0.331,
21 Jul 2013 12:00 PM,#N/A,-5.6,16.6,-16,0.330,
21 Jul 2013 1:00 PM,#N/A,-5.6,16.6,-16,0.328,
21 Jul 2013 2:00 PM,#N/A,-5.6,16.6,-16,0.326,
21 Jul 2013 3:00 PM,#N/A,-5.6,16.7,-16,0.323,
21 Jul 2013 4:00 PM,#N/A,-5.6,16.8,-16,0.321,
21 Jul 2013 5:00 PM,#N/A,-5.6,16.9,-16,0.318,
21 Jul 2013 6:00 PM,#N/A,-5.6,17.0,-16,0.315,
21 Jul 2013 7:00 PM,#N/A,-5.6,17.2,-16,0.314,
21 Jul 2013 8:00 PM,#N/A,-5.6,17.3,-16,0.312,
21 Jul 2013 9:00 PM,#N/A,-5.6,17.4,-16,0.311,
21 Jul 2013 10:00 PM,#N/A,-5.6,17.4,-16,0.310,
21 Jul 2013 11:00 PM,#N/A,-5.6,17.5,-17,0.310,
22 Jul 2013 12:00 AM,#N/A,-5.6,17.5,-16,0.310,
22 Jul 2013 1:00 AM,#N/A,-5.6,17.6,-17,0.310,
22 Jul 2013 2:00 AM,#N/A,-5.6,17.5,-17,0.309,
22 Jul 2013 3:00 AM,#N/A,-5.6,17.5,-17,0.309,
22 Jul 2013 4:00 AM,#N/A,-5.6,17.5,-17,0.309,
22 Jul 2013 5:00 AM,#N/A,-5.6,17.4,-17,0.307,
22 Jul 2013 6:00 AM,#N/A,-5.6,17.4,-17,0.307,
22 Jul 2013 7:00 AM,#N/A,-5.6,17.4,-17,0.307,
22 Jul 2013 8:00 AM,#N/A,-5.6,17.3,-17,0.305,
22 Jul 2013 9:00 AM,#N/A,-5.6,17.3,-17,0.304,
22 Jul 2013 10:00 AM,#N/A,-5.6,17.2,-17,0.302,
22 Jul 2013 11:00 AM,#N/A,-5.6,17.1,-17,0.299,
22 Jul 2013 12:00 PM,#N/A,-5.6,17.1,-17,0.297,
22 Jul 2013 1:00 PM,#N/A,-5.6,17.1,-17,0.295,
22 Jul 2013 2:00 PM,#N/A,-5.6,17.1,-17,0.292,
22 Jul 2013 3:00 PM,#N/A,-5.6,17.2,-17,0.289,
22 Jul 2013 4:00 PM,#N/A,-5.6,17.2,-17,0.286,
22 Jul 2013 5:00 PM,#N/A,-5.6,17.3,-17,0.284,
22 Jul 2013 6:00 PM,#N/A,-5.6,17.4,-18,0.283,
22 Jul 2013 7:00 PM,#N/A,-5.6,17.5,-18,0.281,
22 Jul 2013 8:00 PM,#N/A,-5.6,17.6,-18,0.280,
22 Jul 2013 9:00 PM,#N/A,-5.6,17.6,-18,0.279,
22 Jul 2013 10:00 PM,#N/A,-5.6,17.6,-18,0.278,
22 Jul 2013 11:00 PM,#N/A,-5.6,17.7,-18,0.278,
23 Jul 2013 12:00 AM,#N/A,-5.6,17.7,-18,0.276,
23 Jul 2013 1:00 AM,#N/A,-5.6,17.7,-18,0.276,
23 Jul 2013 2:00 AM,#N/A,-5.6,17.7,-18,0.276,
23 Jul 2013 3:00 AM,#N/A,-5.6,17.6,-18,0.276,
23 Jul 2013 4:00 AM,#N/A,-5.6,17.6,-18,0.275,
23 Jul 2013 5:00 AM,#N/A,-5.6,17.6,-18,0.275,
23 Jul 2013 6:00 AM,#N/A,-5.6,17.5,-18,0.275,
23 Jul 2013 7:00 AM,#N/A,-5.6,17.5,-18,0.274,
23 Jul 2013 8:00 AM,#N/A,-5.6,17.4,-18,0.273,
23 Jul 2013 9:00 AM,#N/A,-5.6,17.4,-18,0.273,
23 Jul 2013 10:00 AM,#N/A,-5.6,17.4,-18,0.271,
23 Jul 2013 11:00 AM,#N/A,-5.6,17.3,-18,0.270,
23 Jul 2013 12:00 PM,#N/A,-5.6,17.3,-18,0.266,
23 Jul 2013 1:00 PM,#N/A,-5.6,17.3,-19,0.263,
23 Jul 2013 2:00 PM,#N/A,-5.6,17.3,-19,0.259,
23 Jul 2013 3:00 PM,#N/A,-5.6,17.4,-19,0.255,
23 Jul 2013 4:00 PM,#N/A,-5.6,17.5,-19,0.251,
23 Jul 2013 5:00 PM,#N/A,-5.6,17.6,-19,0.247,
23 Jul 2013 6:00 PM,#N/A,-5.6,17.8,-19,0.243,
23 Jul 2013 7:00 PM,#N/A,-5.6,17.9,-19,0.241,
23 Jul 2013 8:00 PM,#N/A,-5.6,18.1,-19,0.240,
23 Jul 2013 9:00 PM,#N/A,-5.6,18.2,-19,0.239,
23 Jul 2013 10:00 PM,#N/A,-5.6,18.3,-19,0.238,
23 Jul 2013 11:00 PM,#N/A,-5.6,18.3,-20,0.238,
24 Jul 2013 12:00 AM,#N/A,-5.6,18.4,-20,0.237,
24 Jul 2013 1:00 AM,#N/A,-5.6,18.4,-20,0.237,
24 Jul 2013 2:00 AM,#N/A,-5.6,18.4,-20,0.237,
24 Jul 2013 3:00 AM,#N/A,-5.6,18.3,-20,0.236,
24 Jul 2013 4:00 AM,#N/A,-5.6,18.3,-20,0.236,
24 Jul 2013 5:00 AM,#N/A,-5.6,18.2,-20,0.236,
24 Jul 2013 6:00 AM,#N/A,-5.6,18.2,-20,0.236,
24 Jul 2013 7:00 AM,#N/A,-5.7,18.1,-20,0.235,
24 Jul 2013 8:00 AM,#N/A,-5.7,18.1,-20,0.234,
24 Jul 2013 9:00 AM,#N/A,-5.7,18.0,-20,0.233,
24 Jul 2013 10:00 AM,#N/A,-5.7,18.0,-20,0.230,
24 Jul 2013 11:00 AM,#N/A,-5.7,17.9,-20,0.227,
24 Jul 2013 12:00 PM,#N/A,-5.7,17.9,-20,0.224,
24 Jul 2013 1:00 PM,#N/A,-5.7,17.9,-21,0.220,
24 Jul 2013 2:00 PM,#N/A,-5.7,18.0,-21,0.217,
24 Jul 2013 3:00 PM,#N/A,-5.7,18.1,-21,0.213,
24 Jul 2013 4:00 PM,#N/A,-5.7,18.2,-21,0.211,
24 Jul 2013 5:00 PM,#N/A,-5.7,18.4,-21,0.209,
24 Jul 2013 6:00 PM,#N/A,-5.7,18.6,-21,0.208,
24 Jul 2013 7:00 PM,#N/A,-5.7,18.7,-22,0.207,
24 Jul 2013 8:00 PM,#N/A,-5.7,18.8,-22,0.207,
24 Jul 2013 9:00 PM,#N/A,-5.7,18.9,-22,0.207,
24 Jul 2013 10:00 PM,#N/A,-5.7,19.0,-22,0.206,
24 Jul 2013 11:00 PM,#N/A,-5.7,19.0,-22,0.205,
25 Jul 2013 12:00 AM,#N/A,-5.7,19.0,-22,0.205,
25 Jul 2013 1:00 AM,#N/A,-5.7,18.9,-23,0.205,
25 Jul 2013 2:00 AM,#N/A,-5.7,18.9,-23,0.205,
25 Jul 2013 3:00 AM,#N/A,-5.7,18.8,-23,0.205,
25 Jul 2013 4:00 AM,#N/A,-5.7,18.8,-23,0.204,
25 Jul 2013 5:00 AM,#N/A,-5.8,18.7,-23,0.203,
25 Jul 2013 6:00 AM,#N/A,-5.8,18.6,-23,0.203,
25 Jul 2013 7:00 AM,#N/A,-5.8,18.6,-23,0.203,
25 Jul 2013 8:00 AM,#N/A,-5.8,18.5,-23,0.203,
25 Jul 2013 9:00 AM,#N/A,-5.8,18.4,-24,0.202,
25 Jul 2013 10:00 AM,#N/A,-5.8,18.3,-24,0.202,
25 Jul 2013 11:00 AM,#N/A,-5.8,18.2,-24,0.200,
25 Jul 2013 12:00 PM,#N/A,-5.8,18.2,-24,0.197,
25 Jul 2013 1:00 PM,#N/A,-5.8,18.1,-25,0.196,
25 Jul 2013 2:00 PM,#N/A,-5.8,18.2,-25,0.193,
25 Jul 2013 3:00 PM,#N/A,-5.9,18.3,-26,0.191,
25 Jul 2013 4:00 PM,#N/A,-5.9,18.5,-26,0.191,
25 Jul 2013 5:00 PM,#N/A,-5.9,18.7,-27,0.191,
25 Jul 2013 6:00 PM,#N/A,-5.9,18.8,-27,0.189,
25 Jul 2013 7:00 PM,#N/A,-6.0,18.9,-28,0.188,
25 Jul 2013 8:00 PM,#N/A,-6.0,19.0,-28,0.187,
25 Jul 2013 9:00 PM,#N/A,-6.0,19.1,-29,0.186,
25 Jul 2013 10:00 PM,#N/A,-6.0,19.1,-29,0.186,
25 Jul 2013 11:00 PM,#N/A,-6.0,19.1,-29,0.186,
26 Jul 2013 12:00 AM,#N/A,-6.0,19.1,-30,0.186,
26 Jul 2013 1:00 AM,#N/A,-6.1,19.1,-30,0.186,
26 Jul 2013 2:00 AM,#N/A,-6.1,19.1,-30,0.186,
26 Jul 2013 3:00 AM,#N/A,-6.1,19.0,-31,0.186,
26 Jul 2013 4:00 AM,#N/A,-6.1,19.0,-31,0.186,
26 Jul 2013 5:00 AM,#N/A,-6.1,18.9,-31,0.186,
26 Jul 2013 6:00 AM,#N/A,-6.1,18.8,-31,0.185,
26 Jul 2013 7:00 AM,#N/A,-6.1,18.7,-31,0.185,
26 Jul 2013 8:00 AM,#N/A,-6.2,18.7,-32,0.185,
26 Jul 2013 9:00 AM,#N/A,-6.2,18.6,-32,0.185,
26 Jul 2013 10:00 AM,#N/A,-6.2,18.5,-32,0.185,
26 Jul 2013 11:00 AM,#N/A,-6.2,18.5,-33,0.183,
26 Jul 2013 12:00 PM,#N/A,-6.3,18.4,-33,0.181,
26 Jul 2013 1:00 PM,#N/A,-6.3,18.4,-34,0.179,
26 Jul 2013 2:00 PM,#N/A,-6.3,18.5,-35,0.178,
26 Jul 2013 3:00 PM,#N/A,-6.3,18.6,-36,0.176,
26 Jul 2013 4:00 PM,#N/A,-6.4,18.7,-37,0.199,
26 Jul 2013 5:00 PM,-0.223,-6.4,18.8,-37,0.353,
26 Jul 2013 6:00 PM,#N/A,-6.4,18.9,-38,0.375,
26 Jul 2013 7:00 PM,#N/A,-6.4,19.0,-38,0.373,
26 Jul 2013 8:00 PM,#N/A,-6.4,19.0,-38,0.371,
26 Jul 2013 9:00 PM,#N/A,-6.4,19.0,-39,0.369,
26 Jul 2013 10:00 PM,#N/A,-6.4,19.0,-39,0.366,
26 Jul 2013 11:00 PM,#N/A,-6.4,19.0,-39,0.364,
27 Jul 2013 12:00 AM,#N/A,-6.4,19.0,-39,0.362,
27 Jul 2013 1:00 AM,#N/A,-6.4,18.9,-39,0.360,
27 Jul 2013 2:00 AM,#N/A,-6.4,18.9,-40,0.358,
27 Jul 2013 3:00 AM,#N/A,-6.4,18.8,-40,0.356,
27 Jul 2013 4:00 AM,#N/A,-6.5,18.7,-40,0.355,
27 Jul 2013 5:00 AM,#N/A,-6.5,18.7,-40,0.352,
27 Jul 2013 6:00 AM,#N/A,-6.5,18.6,-40,0.350,
27 Jul 2013 7:00 AM,#N/A,-6.5,18.6,-40,0.349,
27 Jul 2013 8:00 AM,#N/A,-6.5,18.5,-40,0.348,
27 Jul 2013 9:00 AM,#N/A,-6.5,18.5,-40,0.346,
27 Jul 2013 10:00 AM,#N/A,-6.5,18.4,-40,0.344,
27 Jul 2013 11:00 AM,#N/A,-6.5,18.3,-39,0.343,
27 Jul 2013 12:00 PM,#N/A,-6.5,18.3,-39,0.341,
27 Jul 2013 1:00 PM,#N/A,-6.5,18.3,-40,0.338,
27 Jul 2013 2:00 PM,#N/A,-6.5,18.3,-40,0.337,
27 Jul 2013 3:00 PM,-0.187,-6.4,18.3,-20,0.474,
27 Jul 2013 4:00 PM,-0.200,-5.7,18.4,-16,0.468,
27 Jul 2013 5:00 PM,#N/A,-5.7,18.4,-16,0.445,
27 Jul 2013 6:00 PM,#N/A,-5.7,18.4,-16,0.434,
27 Jul 2013 7:00 PM,#N/A,-5.7,18.3,-16,0.426,
27 Jul 2013 8:00 PM,#N/A,-5.7,18.3,-16,0.418,
27 Jul 2013 9:00 PM,#N/A,-5.7,18.2,-16,0.413,
27 Jul 2013 10:00 PM,#N/A,-5.7,18.2,-16,0.409,
27 Jul 2013 11:00 PM,#N/A,-5.7,18.1,-16,0.405,
28 Jul 2013 12:00 AM,#N/A,-5.7,18.1,-16,0.401,
28 Jul 2013 1:00 AM,#N/A,-5.7,18.1,-16,0.398,
28 Jul 2013 2:00 AM,#N/A,-5.7,18.0,-16,0.394,
28 Jul 2013 3:00 AM,#N/A,-5.7,18.0,-16,0.392,
28 Jul 2013 4:00 AM,#N/A,-5.7,18.0,-16,0.389,
28 Jul 2013 5:00 AM,#N/A,-5.7,17.9,-16,0.387,
28 Jul 2013 6:00 AM,#N/A,-5.7,17.8,-16,0.385,
28 Jul 2013 7:00 AM,#N/A,-5.7,17.8,-16,0.383,
28 Jul 2013 8:00 AM,#N/A,-5.7,17.8,-16,0.381,
28 Jul 2013 9:00 AM,#N/A,-5.7,17.7,-16,0.378,
28 Jul 2013 10:00 AM,#N/A,-5.7,17.6,-16,0.376,
28 Jul 2013 11:00 AM,#N/A,-5.7,17.6,-16,0.373,
28 Jul 2013 12:00 PM,#N/A,-5.7,17.6,-16,0.370,
28 Jul 2013 1:00 PM,#N/A,-5.7,17.6,-16,0.366,
28 Jul 2013 2:00 PM,#N/A,-5.7,17.6,-16,0.363,
28 Jul 2013 3:00 PM,#N/A,-5.7,17.7,-16,0.360,
28 Jul 2013 4:00 PM,#N/A,-5.7,17.9,-16,0.356,
28 Jul 2013 5:00 PM,#N/A,-5.7,18.1,-16,0.353,
28 Jul 2013 6:00 PM,#N/A,-5.7,18.3,-16,0.349,
28 Jul 2013 7:00 PM,#N/A,-5.7,18.5,-16,0.347,
28 Jul 2013 8:00 PM,#N/A,-5.7,18.6,-16,0.344,
28 Jul 2013 9:00 PM,#N/A,-5.7,18.8,-16,0.346,
28 Jul 2013 10:00 PM,#N/A,-5.7,18.9,-16,0.349,
28 Jul 2013 11:00 PM,#N/A,-5.7,19.0,-16,0.349,
29 Jul 2013 12:00 AM,#N/A,-5.7,19.0,-16,0.349,
29 Jul 2013 1:00 AM,#N/A,-5.7,19.0,-16,0.349,
29 Jul 2013 2:00 AM,#N/A,-5.7,19.0,-16,0.349,
29 Jul 2013 3:00 AM,#N/A,-5.7,18.9,-16,0.348,
29 Jul 2013 4:00 AM,#N/A,-5.7,18.9,-16,0.348,
29 Jul 2013 5:00 AM,#N/A,-5.7,18.8,-16,0.348,
29 Jul 2013 6:00 AM,#N/A,-5.7,18.8,-16,0.347,
29 Jul 2013 7:00 AM,#N/A,-5.7,18.7,-16,0.346,
29 Jul 2013 8:00 AM,#N/A,-5.7,18.6,-16,0.346,
29 Jul 2013 9:00 AM,#N/A,-5.7,18.5,-16,0.344,
29 Jul 2013 10:00 AM,#N/A,-5.7,18.5,-16,0.343,
29 Jul 2013 11:00 AM,#N/A,-5.7,18.4,-16,0.341,
29 Jul 2013 12:00 PM,#N/A,-5.7,18.4,-16,0.338,
29 Jul 2013 1:00 PM,#N/A,-5.7,18.3,-16,0.334,
29 Jul 2013 2:00 PM,#N/A,-5.7,18.4,-16,0.330,
29 Jul 2013 3:00 PM,#N/A,-5.7,18.5,-16,0.326,
29 Jul 2013 4:00 PM,#N/A,-5.7,18.7,-16,0.324,
29 Jul 2013 5:00 PM,#N/A,-5.7,18.9,-16,0.321,
29 Jul 2013 6:00 PM,#N/A,-5.7,19.0,-16,0.319,
29 Jul 2013 7:00 PM,#N/A,-5.7,19.2,-16,0.317,
29 Jul 2013 8:00 PM,#N/A,-5.7,19.3,-16,0.317,
29 Jul 2013 9:00 PM,#N/A,-5.7,19.4,-16,0.317,
29 Jul 2013 10:00 PM,#N/A,-5.7,19.4,-16,0.316,
29 Jul 2013 11:00 PM,#N/A,-5.7,19.4,-16,0.315,
30 Jul 2013 12:00 AM,#N/A,-5.7,19.4,-17,0.315,
30 Jul 2013 1:00 AM,#N/A,-5.7,19.4,-17,0.315,
30 Jul 2013 2:00 AM,#N/A,-5.7,19.4,-17,0.314,
30 Jul 2013 3:00 AM,#N/A,-5.7,19.3,-17,0.314,
30 Jul 2013 4:00 AM,#N/A,-5.7,19.3,-17,0.314,
30 Jul 2013 5:00 AM,#N/A,-5.7,19.2,-17,0.312,
30 Jul 2013 6:00 AM,#N/A,-5.7,19.2,-17,0.312,
30 Jul 2013 7:00 AM,#N/A,-5.7,19.1,-17,0.310,
30 Jul 2013 8:00 AM,#N/A,-5.7,19.0,-17,0.310,
30 Jul 2013 9:00 AM,#N/A,-5.7,19.0,-17,0.310,
30 Jul 2013 10:00 AM,#N/A,-5.7,18.9,-17,0.307,
30 Jul 2013 11:00 AM,#N/A,-5.7,18.8,-17,0.304,
30 Jul 2013 12:00 PM,#N/A,-5.7,18.8,-17,0.298,
30 Jul 2013 1:00 PM,#N/A,-5.7,18.8,-17,0.293,
30 Jul 2013 2:00 PM,#N/A,-5.7,18.8,-17,0.288,
30 Jul 2013 3:00 PM,#N/A,-5.7,18.9,-18,0.283,
30 Jul 2013 4:00 PM,#N/A,-5.7,19.1,-18,0.283,
30 Jul 2013 5:00 PM,#N/A,-5.7,19.2,-18,0.287,
30 Jul 2013 6:00 PM,#N/A,-5.7,19.4,-18,0.291,
30 Jul 2013 7:00 PM,#N/A,-5.7,19.5,-18,0.295,
30 Jul 2013 8:00 PM,#N/A,-5.7,19.6,-18,0.298,
30 Jul 2013 9:00 PM,#N/A,-5.7,19.6,-18,0.299,
30 Jul 2013 10:00 PM,#N/A,-5.7,19.6,-18,0.301,
30 Jul 2013 11:00 PM,#N/A,-5.7,19.6,-18,0.302,
31 Jul 2013 12:00 AM,#N/A,-5.7,19.6,-18,0.304,
31 Jul 2013 1:00 AM,#N/A,-5.7,19.6,-18,0.304,
31 Jul 2013 2:00 AM,#N/A,-5.7,19.5,-18,0.304,
31 Jul 2013 3:00 AM,#N/A,-5.7,19.5,-18,0.304,
31 Jul 2013 4:00 AM,#N/A,-5.7,19.4,-18,0.304,
31 Jul 2013 5:00 AM,#N/A,-5.7,19.3,-18,0.304,
31 Jul 2013 6:00 AM,#N/A,-5.7,19.3,-18,0.304,
31 Jul 2013 7:00 AM,#N/A,-5.7,19.2,-18,0.304,
31 Jul 2013 8:00 AM,#N/A,-5.7,19.1,-18,0.304,
31 Jul 2013 9:00 AM,#N/A,-5.7,19.0,-18,0.302,
31 Jul 2013 10:00 AM,#N/A,-5.7,19.0,-18,0.298,
31 Jul 2013 11:00 AM,#N/A,-5.7,18.9,-18,0.294,
31 Jul 2013 12:00 PM,#N/A,-5.7,18.9,-18,0.290,
31 Jul 2013 1:00 PM,#N/A,-5.7,18.9,-19,0.286,
31 Jul 2013 2:00 PM,#N/A,-5.7,18.9,-19,0.281,
31 Jul 2013 3:00 PM,#N/A,-5.8,19.0,-19,0.276,
31 Jul 2013 4:00 PM,#N/A,-5.8,19.2,-19,0.271,
31 Jul 2013 5:00 PM,#N/A,-5.8,19.3,-19,0.267,
31 Jul 2013 6:00 PM,#N/A,-5.8,19.5,-19,0.264,
31 Jul 2013 7:00 PM,#N/A,-5.8,19.7,-20,0.262,
31 Jul 2013 8:00 PM,#N/A,-5.8,19.8,-20,0.260,
31 Jul 2013 9:00 PM,#N/A,-5.8,19.8,-20,0.259,
31 Jul 2013 10:00 PM,#N/A,-5.8,19.9,-20,0.259,
31 Jul 2013 11:00 PM,#N/A,-5.8,19.9,-20,0.259,
1 Aug 2013 12:00 AM,#N/A,-5.8,19.9,-20,0.259,
1 Aug 2013 1:00 AM,#N/A,-5.8,19.9,-20,0.259,
1 Aug 2013 2:00 AM,#N/A,-5.9,19.8,-20,0.258,
1 Aug 2013 3:00 AM,#N/A,-5.9,19.8,-20,0.258,
1 Aug 2013 4:00 AM,#N/A,-5.9,19.7,-20,0.258,
1 Aug 2013 5:00 AM,#N/A,-5.9,19.6,-20,0.258,
1 Aug 2013 6:00 AM,#N/A,-5.9,19.5,-20,0.258,
1 Aug 2013 7:00 AM,#N/A,-5.9,19.4,-20,0.257,
1 Aug 2013 8:00 AM,#N/A,-5.9,19.3,-21,0.256,
1 Aug 2013 9:00 AM,#N/A,-5.9,19.2,-21,0.255,
1 Aug 2013 10:00 AM,#N/A,-5.9,19.1,-21,0.253,
1 Aug 2013 11:00 AM,#N/A,-6.0,19.0,-21,0.248,
1 Aug 2013 12:00 PM,#N/A,-6.0,18.9,-21,0.244,
1 Aug 2013 1:00 PM,#N/A,-6.1,18.9,-21,0.239,
1 Aug 2013 2:00 PM,#N/A,-6.1,19.0,-21,0.235,
1 Aug 2013 3:00 PM,#N/A,-6.2,19.1,-22,0.231,
1 Aug 2013 4:00 PM,#N/A,-6.2,19.2,-22,0.227,
1 Aug 2013 5:00 PM,#N/A,-6.3,19.5,-22,0.224,
1 Aug 2013 6:00 PM,#N/A,-6.3,19.7,-22,0.221,
1 Aug 2013 7:00 PM,#N/A,-6.3,19.8,-23,0.219,
1 Aug 2013 8:00 PM,#N/A,-6.4,20.0,-23,0.218,
1 Aug 2013 9:00 PM,#N/A,-6.4,20.1,-23,0.217,
1 Aug 2013 10:00 PM,#N/A,-6.4,20.1,-24,0.215,
1 Aug 2013 11:00 PM,#N/A,-6.4,20.1,-24,0.215,
2 Aug 2013 12:00 AM,#N/A,-6.4,20.1,-24,0.215,
2 Aug 2013 1:00 AM,#N/A,-6.5,20.1,-24,0.215,
2 Aug 2013 2:00 AM,#N/A,-6.5,20.0,-25,0.215,
2 Aug 2013 3:00 AM,#N/A,-6.5,19.9,-25,0.215,
2 Aug 2013 4:00 AM,#N/A,-6.5,19.8,-25,0.214,
2 Aug 2013 5:00 AM,#N/A,-6.5,19.7,-25,0.214,
2 Aug 2013 6:00 AM,#N/A,-6.5,19.7,-25,0.213,
2 Aug 2013 7:00 AM,#N/A,-6.6,19.6,-25,0.213,
2 Aug 2013 8:00 AM,#N/A,-6.6,19.4,-26,0.213,
2 Aug 2013 9:00 AM,#N/A,-6.6,19.4,-26,0.211,
2 Aug 2013 10:00 AM,#N/A,-6.7,19.2,-26,0.209,
2 Aug 2013 11:00 AM,#N/A,-6.8,19.2,-27,0.206,
2 Aug 2013 12:00 PM,#N/A,-6.9,19.1,-27,0.203,
2 Aug 2013 1:00 PM,#N/A,-7.0,19.1,-28,0.201,
2 Aug 2013 2:00 PM,#N/A,-7.1,19.1,-29,0.198,
2 Aug 2013 3:00 PM,#N/A,-7.3,19.2,-30,0.196,
2 Aug 2013 4:00 PM,#N/A,-7.4,19.4,-31,0.194,
2 Aug 2013 5:00 PM,#N/A,-7.6,19.7,-31,0.191,
2 Aug 2013 6:00 PM,#N/A,-7.7,19.9,-32,0.190,
2 Aug 2013 7:00 PM,#N/A,-7.8,20.1,-33,0.188,
2 Aug 2013 8:00 PM,#N/A,-7.9,20.2,-34,0.188,
2 Aug 2013 9:00 PM,#N/A,-8.0,20.3,-34,0.187,
2 Aug 2013 10:00 PM,#N/A,-8.1,20.4,-34,0.187,
2 Aug 2013 11:00 PM,#N/A,-8.1,20.4,-35,0.186,
3 Aug 2013 12:00 AM,#N/A,-8.2,20.4,-35,0.186,
3 Aug 2013 1:00 AM,#N/A,-8.2,20.4,-36,0.186,
3 Aug 2013 2:00 AM,#N/A,-8.2,20.3,-36,0.186,
3 Aug 2013 3:00 AM,#N/A,-8.3,20.3,-36,0.186,
3 Aug 2013 4:00 AM,#N/A,-8.4,20.2,-37,0.186,
3 Aug 2013 5:00 AM,#N/A,-8.4,20.1,-37,0.186,
3 Aug 2013 6:00 AM,#N/A,-8.5,20.1,-38,0.185,
3 Aug 2013 7:00 AM,#N/A,-8.5,20.0,-38,0.185,
3 Aug 2013 8:00 AM,#N/A,-8.6,19.9,-38,0.185,
3 Aug 2013 9:00 AM,#N/A,-8.7,19.8,-39,0.185,
3 Aug 2013 10:00 AM,#N/A,-8.9,19.7,-39,0.182,
3 Aug 2013 11:00 AM,#N/A,-9.1,19.7,-40,0.181,
3 Aug 2013 12:00 PM,#N/A,-9.5,19.6,-41,0.179,
3 Aug 2013 1:00 PM,#N/A,-9.8,19.6,-42,0.178,
3 Aug 2013 2:00 PM,#N/A,-10.0,19.6,-43,0.176,
3 Aug 2013 3:00 PM,#N/A,-10.3,19.7,-44,0.174,
3 Aug 2013 4:00 PM,#N/A,-10.6,19.8,-44,0.174,
3 Aug 2013 5:00 PM,#N/A,-11.0,19.9,-45,0.172,
3 Aug 2013 6:00 PM,#N/A,-11.4,20.0,-46,0.170,
3 Aug 2013 7:00 PM,#N/A,-11.7,20.1,-47,0.169,
3 Aug 2013 8:00 PM,#N/A,-12.0,20.2,-48,0.169,
3 Aug 2013 9:00 PM,#N/A,-12.2,20.2,-48,0.168,
3 Aug 2013 10:00 PM,#N/A,-12.3,20.3,-49,0.168,
3 Aug 2013 11:00 PM,#N/A,-12.4,20.3,-49,0.168,
4 Aug 2013 12:00 AM,#N/A,-12.5,20.3,-49,0.168,
4 Aug 2013 1:00 AM,#N/A,-12.6,20.3,-49,0.168,
4 Aug 2013 2:00 AM,#N/A,-12.7,20.2,-50,0.168,
4 Aug 2013 3:00 AM,#N/A,-12.8,20.2,-50,0.168,
4 Aug 2013 4:00 AM,#N/A,-12.9,20.1,-51,0.168,
4 Aug 2013 5:00 AM,#N/A,-12.9,20.1,-51,0.167,
4 Aug 2013 6:00 AM,#N/A,-13.0,20.0,-51,0.167,
4 Aug 2013 7:00 AM,#N/A,-13.1,19.9,-52,0.166,
4 Aug 2013 8:00 AM,#N/A,-13.2,19.9,-52,0.166,
4 Aug 2013 9:00 AM,#N/A,-13.4,19.8,-52,0.166,
4 Aug 2013 10:00 AM,#N/A,-13.7,19.7,-53,0.164,
4 Aug 2013 11:00 AM,#N/A,-14.1,19.7,-53,0.162,
4 Aug 2013 12:00 PM,#N/A,-14.5,19.6,-54,0.161,
4 Aug 2013 1:00 PM,#N/A,-14.9,19.6,-55,0.160,
4 Aug 2013 2:00 PM,#N/A,-15.4,19.6,-57,0.158,
4 Aug 2013 3:00 PM,#N/A,-15.8,19.7,-57,0.157,
4 Aug 2013 4:00 PM,#N/A,-16.2,19.9,-58,0.156,
4 Aug 2013 5:00 PM,#N/A,-16.6,20.0,-59,0.156,
4 Aug 2013 6:00 PM,#N/A,-17.0,20.1,-59,0.155,
4 Aug 2013 7:00 PM,#N/A,-17.4,20.2,-60,0.154,
4 Aug 2013 8:00 PM,#N/A,-17.8,20.3,-61,0.154,
4 Aug 2013 9:00 PM,#N/A,-18.1,20.3,-61,0.154,
4 Aug 2013 10:00 PM,#N/A,-18.2,20.3,-61,0.153,
4 Aug 2013 11:00 PM,#N/A,-18.4,20.3,-62,0.153,
5 Aug 2013 12:00 AM,#N/A,-18.5,20.3,-62,0.153,
5 Aug 2013 1:00 AM,#N/A,-18.7,20.3,-63,0.152,
5 Aug 2013 2:00 AM,#N/A,-18.8,20.3,-62,0.152,
5 Aug 2013 3:00 AM,#N/A,-18.9,20.2,-63,0.152,
5 Aug 2013 4:00 AM,#N/A,-19.0,20.1,-63,0.152,
5 Aug 2013 5:00 AM,#N/A,-19.1,20.1,-63,0.152,
5 Aug 2013 6:00 AM,#N/A,-19.3,20.0,-64,0.151,
5 Aug 2013 7:00 AM,#N/A,-19.4,19.9,-64,0.151,
5 Aug 2013 8:00 AM,#N/A,-19.6,19.9,-64,0.151,
5 Aug 2013 9:00 AM,#N/A,-19.9,19.8,-64,0.151,
5 Aug 2013 10:00 AM,#N/A,-20.4,19.7,-65,0.150,
5 Aug 2013 11:00 AM,#N/A,-21.1,19.7,-66,0.149,
5 Aug 2013 12:00 PM,#N/A,-22.2,19.6,-67,0.147,
5 Aug 2013 1:00 PM,#N/A,-23.4,19.6,-68,0.146,
5 Aug 2013 2:00 PM,#N/A,-24.8,19.7,-69,0.145,
5 Aug 2013 3:00 PM,#N/A,-26.1,19.8,-71,0.144,
5 Aug 2013 4:00 PM,#N/A,-27.5,20.0,-72,0.142,
5 Aug 2013 5:00 PM,#N/A,-28.7,20.2,-73,0.142,
5 Aug 2013 6:00 PM,#N/A,-29.9,20.4,-74,0.141,
5 Aug 2013 7:00 PM,#N/A,-30.8,20.6,-75,0.140,
5 Aug 2013 8:00 PM,#N/A,-31.7,20.7,-76,0.140,
5 Aug 2013 9:00 PM,#N/A,-32.2,20.7,-76,0.140,
5 Aug 2013 10:00 PM,#N/A,-32.6,20.8,-77,0.140,
5 Aug 2013 11:00 PM,#N/A,-32.8,20.8,-77,0.140,
6 Aug 2013 12:00 AM,#N/A,-33.0,20.8,-77,0.140,
6 Aug 2013 1:00 AM,#N/A,-33.3,20.7,-77,0.140,
6 Aug 2013 2:00 AM,#N/A,-33.4,20.7,-78,0.140,
6 Aug 2013 3:00 AM,#N/A,-33.6,20.6,-78,0.140,
6 Aug 2013 4:00 AM,#N/A,-33.8,20.6,-78,0.139,
6 Aug 2013 5:00 AM,#N/A,-34.0,20.5,-78,0.139,
6 Aug 2013 6:00 AM,#N/A,-34.1,20.4,-79,0.139,
6 Aug 2013 7:00 AM,#N/A,-34.3,20.3,-79,0.139,
6 Aug 2013 8:00 AM,#N/A,-34.5,20.2,-79,0.139,
6 Aug 2013 9:00 AM,#N/A,-34.7,20.2,-80,0.138,
6 Aug 2013 10:00 AM,#N/A,-35.4,20.1,-80,0.137,
6 Aug 2013 11:00 AM,#N/A,-36.7,20.0,-80,0.137,
6 Aug 2013 12:00 PM,#N/A,-38.3,19.9,-82,0.135,
6 Aug 2013 1:00 PM,#N/A,-40.0,19.9,-83,0.134,
6 Aug 2013 2:00 PM,#N/A,-42.0,20.0,-84,0.134,
6 Aug 2013 3:00 PM,#N/A,-44.0,20.1,-86,0.133,
6 Aug 2013 4:00 PM,#N/A,-46.3,20.3,-88,0.131,
6 Aug 2013 5:00 PM,#N/A,-48.7,20.5,-90,0.130,
6 Aug 2013 6:00 PM,#N/A,-50.9,20.6,-91,0.129,
6 Aug 2013 7:00 PM,#N/A,-53.2,20.8,-93,0.128,
6 Aug 2013 8:00 PM,#N/A,-55.1,20.9,-94,0.128,
6 Aug 2013 9:00 PM,#N/A,-56.4,21.0,-94,0.128,
6 Aug 2013 10:00 PM,#N/A,-57.3,21.1,-95,0.128,
6 Aug 2013 11:00 PM,#N/A,-58.0,21.1,-95,0.128,
7 Aug 2013 12:00 AM,#N/A,-58.7,21.1,-95,0.128,
7 Aug 2013 1:00 AM,#N/A,-59.1,21.0,-96,0.128,
7 Aug 2013 2:00 AM,#N/A,-59.7,21.0,-96,0.128,
7 Aug 2013 3:00 AM,#N/A,-60.3,20.9,-96,0.127,
7 Aug 2013 4:00 AM,#N/A,-60.7,20.8,-96,0.127,
7 Aug 2013 5:00 AM,#N/A,-61.1,20.7,-97,0.127,
7 Aug 2013 6:00 AM,#N/A,-61.8,20.7,-97,0.127,
7 Aug 2013 7:00 AM,#N/A,-62.2,20.6,-97,0.127,
7 Aug 2013 8:00 AM,#N/A,-62.5,20.5,-98,0.126,
7 Aug 2013 9:00 AM,#N/A,-62.9,20.4,-98,0.126,
7 Aug 2013 10:00 AM,#N/A,-64.2,20.3,-98,0.125,
7 Aug 2013 11:00 AM,#N/A,-65.9,20.2,-100,0.125,
7 Aug 2013 12:00 PM,#N/A,-67.7,20.2,-100,0.125,
7 Aug 2013 1:00 PM,#N/A,-70.1,20.1,-101,0.123,
7 Aug 2013 2:00 PM,#N/A,-72.8,20.1,-103,0.123,
7 Aug 2013 3:00 PM,#N/A,-75.6,20.1,-104,0.123,
7 Aug 2013 4:00 PM,#N/A,-78.5,20.2,-105,0.122,
7 Aug 2013 5:00 PM,#N/A,-83.4,20.3,-108,0.121,
7 Aug 2013 6:00 PM,#N/A,-89.5,20.3,-110,0.120,
7 Aug 2013 7:00 PM,#N/A,-95.8,20.4,-112,0.120,
7 Aug 2013 8:00 PM,#N/A,-101.1,20.5,-113,0.120,
7 Aug 2013 9:00 PM,#N/A,-105.7,20.5,-114,0.120,
7 Aug 2013 10:00 PM,#N/A,-109.9,20.6,-114,0.119,
7 Aug 2013 11:00 PM,#N/A,-113.8,20.6,-114,0.119,
8 Aug 2013 12:00 AM,#N/A,-117.2,20.6,-115,0.119,
8 Aug 2013 1:00 AM,#N/A,-121.0,20.5,-115,0.119,
8 Aug 2013 2:00 AM,#N/A,-123.1,20.5,-115,0.118,
8 Aug 2013 3:00 AM,#N/A,-125.6,20.4,-115,0.118,
8 Aug 2013 4:00 AM,#N/A,-128.9,20.3,-116,0.118,
8 Aug 2013 5:00 AM,#N/A,-131.5,20.3,-116,0.118,
8 Aug 2013 6:00 AM,#N/A,-133.2,20.2,-117,0.118,
8 Aug 2013 7:00 AM,#N/A,-136.3,20.1,-117,0.118,
8 Aug 2013 8:00 AM,#N/A,-139.6,20.1,-117,0.118,
8 Aug 2013 9:00 AM,#N/A,-142.4,20.0,-117,0.117,
8 Aug 2013 10:00 AM,#N/A,-145.8,19.9,-118,0.117,
8 Aug 2013 11:00 AM,#N/A,-151.4,19.8,-118,0.117,
8 Aug 2013 12:00 PM,#N/A,-156.6,19.8,-119,0.117,
8 Aug 2013 1:00 PM,#N/A,-164.4,19.7,-121,0.116,
8 Aug 2013 2:00 PM,#N/A,-171.3,19.7,-124,0.115,
8 Aug 2013 3:00 PM,#N/A,-179.6,19.8,-125,0.114,
8 Aug 2013 4:00 PM,#N/A,-185.5,19.9,-128,0.113,
8 Aug 2013 5:00 PM,#N/A,-193.6,20.1,-130,0.113,
8 Aug 2013 6:00 PM,#N/A,-202.5,20.3,-132,0.112,
8 Aug 2013 7:00 PM,#N/A,-211.4,20.4,-136,0.111,
8 Aug 2013 8:00 PM,#N/A,-219.6,20.6,-137,0.111,
8 Aug 2013 9:00 PM,#N/A,-225.5,20.7,-138,0.111,
8 Aug 2013 10:00 PM,#N/A,-233.1,20.7,-139,0.111,
8 Aug 2013 11:00 PM,#N/A,-242.0,20.8,-139,0.111,
9 Aug 2013 12:00 AM,#N/A,-247.7,20.8,-140,0.111,
9 Aug 2013 1:00 AM,#N/A,-253.5,20.7,-142,0.111,
9 Aug 2013 2:00 AM,#N/A,-262.6,20.7,-143,0.111,
9 Aug 2013 3:00 AM,#N/A,-271.0,20.7,-143,0.111,
9 Aug 2013 4:00 AM,#N/A,-276.8,20.6,-143,0.111,
9 Aug 2013 5:00 AM,#N/A,-283.7,20.5,-143,0.111,
9 Aug 2013 6:00 AM,#N/A,-290.0,20.4,-144,0.111,
9 Aug 2013 7:00 AM,#N/A,-297.5,20.4,-145,0.111,
9 Aug 2013 8:00 AM,#N/A,-305.0,20.3,-145,0.111,
9 Aug 2013 9:00 AM,#N/A,-311.0,20.2,-145,0.110,
9 Aug 2013 10:00 AM,#N/A,-323.0,20.1,-147,0.110,
9 Aug 2013 11:00 AM,#N/A,-339.5,20.1,-148,0.109,
9 Aug 2013 12:00 PM,#N/A,-350.1,20.0,-149,0.108,
9 Aug 2013 1:00 PM,#N/A,-366.5,20.0,-151,0.108,
9 Aug 2013 2:00 PM,#N/A,-383.2,20.0,-153,0.107,
9 Aug 2013 3:00 PM,#N/A,-391.9,20.2,-156,0.106,
9 Aug 2013 4:00 PM,#N/A,-405.0,20.4,-157,0.107,
9 Aug 2013 5:00 PM,#N/A,-420.6,20.6,-159,0.106,
9 Aug 2013 6:00 PM,#N/A,-435.3,20.7,-160,0.106,
9 Aug 2013 7:00 PM,#N/A,-445.3,20.8,-160,0.106,
9 Aug 2013 8:00 PM,#N/A,-455.0,20.9,-163,0.106,
9 Aug 2013 9:00 PM,#N/A,-471.0,20.9,-164,0.106,
9 Aug 2013 10:00 PM,#N/A,-491.4,20.9,-164,0.106,
9 Aug 2013 11:00 PM,#N/A,-503.5,20.9,-166,0.106,
10 Aug 2013 12:00 AM,#N/A,-512.5,20.8,-166,0.106,
10 Aug 2013 1:00 AM,#N/A,-521.2,20.8,-167,0.105,
10 Aug 2013 2:00 AM,#N/A,-533.2,20.7,-167,0.106,
10 Aug 2013 3:00 AM,#N/A,-552.9,20.7,-169,0.106,
10 Aug 2013 4:00 AM,#N/A,-564.1,20.6,-170,0.105,
10 Aug 2013 5:00 AM,#N/A,-572.3,20.5,-170,0.105,
10 Aug 2013 6:00 AM,#N/A,-575.6,20.4,-172,0.105,
10 Aug 2013 7:00 AM,#N/A,-585.4,20.3,-172,0.105,
10 Aug 2013 8:00 AM,#N/A,-602.0,20.3,-172,0.105,
10 Aug 2013 9:00 AM,#N/A,-621.2,20.2,-173,0.105,
10 Aug 2013 10:00 AM,#N/A,-634.1,20.1,-173,0.105,
10 Aug 2013 11:00 AM,#N/A,-647.2,20.0,-175,0.105,
10 Aug 2013 12:00 PM,#N/A,-660.1,19.9,-175,0.104,
10 Aug 2013 1:00 PM,#N/A,-681.9,19.9,-175,0.103,
10 Aug 2013 2:00 PM,#N/A,-706.4,19.9,-177,0.103,
10 Aug 2013 3:00 PM,#N/A,-720.2,19.9,-178,0.103,
10 Aug 2013 4:00 PM,#N/A,-731.2,20.1,-180,0.103,
10 Aug 2013 5:00 PM,#N/A,-740.3,20.2,-181,0.102,
10 Aug 2013 6:00 PM,#N/A,-758.4,20.4,-183,0.102,
10 Aug 2013 7:00 PM,#N/A,-773.8,20.6,-186,0.102,
10 Aug 2013 8:00 PM,#N/A,-791.1,20.7,-186,0.102,
10 Aug 2013 9:00 PM,#N/A,-805.1,20.8,-188,0.102,
10 Aug 2013 10:00 PM,#N/A,-821.5,20.8,-190,0.102,
10 Aug 2013 11:00 PM,#N/A,-830.7,20.9,-192,0.101,
11 Aug 2013 12:00 AM,#N/A,-842.0,20.8,-192,0.101,
11 Aug 2013 1:00 AM,#N/A,-854.3,20.8,-192,0.101,
11 Aug 2013 2:00 AM,#N/A,-866.8,20.7,-193,0.101,
11 Aug 2013 3:00 AM,#N/A,-889.5,20.7,-195,0.101,
11 Aug 2013 4:00 AM,#N/A,-915.4,20.6,-195,0.101,
11 Aug 2013 5:00 AM,#N/A,-932.7,20.5,-197,0.101,
11 Aug 2013 6:00 AM,#N/A,-950.2,20.4,-197,0.101,
11 Aug 2013 7:00 AM,#N/A,-959.7,20.3,-199,0.101,
11 Aug 2013 8:00 AM,#N/A,-973.5,20.2,-199,0.100,
11 Aug 2013 9:00 AM,#N/A,-986.6,20.2,-199,0.100,
11 Aug 2013 10:00 AM,#N/A,-1002.6,20.1,-201,0.100,
11 Aug 2013 11:00 AM,#N/A,-1017.2,20.0,-201,0.100,
11 Aug 2013 12:00 PM,#N/A,-1043.6,19.9,-202,0.100,
11 Aug 2013 1:00 PM,#N/A,-1076.5,19.9,-204,0.100,
11 Aug 2013 2:00 PM,#N/A,-1108.7,19.8,-204,0.100,
11 Aug 2013 3:00 PM,#N/A,-1133.0,19.8,-204,0.100,
11 Aug 2013 4:00 PM,#N/A,-1152.7,19.8,-206,0.099,
11 Aug 2013 5:00 PM,#N/A,-1159.6,19.8,-206,0.099,
11 Aug 2013 6:00 PM,#N/A,-1175.5,19.8,-206,0.098,
11 Aug 2013 7:00 PM,#N/A,-1184.5,19.9,-208,0.098,
11 Aug 2013 8:00 PM,#N/A,-1196.5,19.9,-210,0.098,
11 Aug 2013 9:00 PM,#N/A,-1205.9,19.9,-210,0.098,
11 Aug 2013 10:00 PM,#N/A,-1218.8,19.9,-212,0.098,
11 Aug 2013 11:00 PM,#N/A,-1232.0,20.0,-214,0.098,
12 Aug 2013 12:00 AM,#N/A,-1253.8,19.9,-214,0.098,
12 Aug 2013 1:00 AM,#N/A,-1278.3,19.9,-216,0.098,
12 Aug 2013 2:00 AM,#N/A,-1303.8,19.9,-216,0.098,
12 Aug 2013 3:00 AM,#N/A,-1325.3,19.8,-218,0.098,
12 Aug 2013 4:00 AM,#N/A,-1346.9,19.8,-218,0.098,
12 Aug 2013 5:00 AM,#N/A,-1358.1,19.7,-218,0.098,
12 Aug 2013 6:00 AM,#N/A,-1376.3,19.7,-220,0.098,
12 Aug 2013 7:00 AM,#N/A,-1390.0,19.6,-220,0.098,
12 Aug 2013 8:00 AM,#N/A,-1402.6,19.6,-222,0.098,
12 Aug 2013 9:00 AM,#N/A,-1411.3,19.5,-222,0.097,
12 Aug 2013 10:00 AM,#N/A,-1424.7,19.4,-222,0.096,
12 Aug 2013 11:00 AM,#N/A,-1442.2,19.3,-222,0.096,
12 Aug 2013 12:00 PM,#N/A,-1455.5,19.3,-224,0.096,
12 Aug 2013 1:00 PM,#N/A,-1463.6,19.3,-224,0.096,
12 Aug 2013 2:00 PM,#N/A,-1467.0,19.4,-224,0.096,
12 Aug 2013 3:00 PM,#N/A,-1461.9,19.5,-226,0.096,
12 Aug 2013 4:00 PM,#N/A,-1458.2,19.6,-228,0.096,
12 Aug 2013 5:00 PM,#N/A,-1463.3,19.7,-228,0.096,
12 Aug 2013 6:00 PM,#N/A,-1456.9,19.9,-230,0.095,
12 Aug 2013 7:00 PM,#N/A,-1461.9,20.0,-233,0.096,
12 Aug 2013 8:00 PM,#N/A,-1453.5,20.1,-233,0.096,
12 Aug 2013 9:00 PM,#N/A,-1449.9,20.1,-235,0.096,
12 Aug 2013 10:00 PM,#N/A,-1455.9,20.1,-235,0.096,
12 Aug 2013 11:00 PM,#N/A,-1455.5,20.2,-235,0.095,
13 Aug 2013 12:00 AM,#N/A,-1460.6,20.1,-235,0.095,
13 Aug 2013 1:00 AM,#N/A,-1467.7,20.1,-237,0.095,
13 Aug 2013 2:00 AM,#N/A,-1471.4,20.0,-239,0.095,
13 Aug 2013 3:00 AM,#N/A,-1491.5,19.9,-239,0.095,
13 Aug 2013 4:00 AM,#N/A,-1505.7,19.9,-239,0.095,
13 Aug 2013 5:00 AM,#N/A,-1521.7,19.8,-241,0.094,
13 Aug 2013 6:00 AM,#N/A,-1541.8,19.7,-241,0.094,
13 Aug 2013 7:00 AM,#N/A,-1561.1,19.6,-244,0.094,
13 Aug 2013 8:00 AM,#N/A,-1582.1,19.5,-244,0.094,
13 Aug 2013 9:00 AM,#N/A,-1608.5,19.4,-244,0.094,
13 Aug 2013 10:00 AM,#N/A,-1619.7,19.3,-244,0.094,
13 Aug 2013 11:00 AM,#N/A,-1651.3,19.2,-246,0.094,
13 Aug 2013 12:00 PM,#N/A,-1671.2,19.2,-246,0.094,
